URL,이름,한줄평,종류,적립,확인사항_1,확인사항_2,
https://card.kbcard.com/CRD/DVIEW/HCAMCXPRICAC0076?mainCC=a&cooperationcode=04288,T-economy KB국민카드,SKT 통신요금을 알뜰하게 절약하는 방법!,신용,"SKT 통신요금 자동납부

1만2천원/1만7천
청구할인","전월 이용실적 기준
전월 1일~말일(승인시점 기준) T-economy KB국민카드 일시불 및 할부 승인(이용)금액 기준(가족카드 포함)
해외 이용금액은 전월 1일~말일까지 일시불 매입 완료 기준
취소금액은 취소전표가 KB국민카드에 접수된 월의 실적에서 차감
전월 이용실적 제외 대상
T-economy KB국민카드로 할인 받은 이용건(해당 이용금액 전체), 무이자할부 이용금액, 단기카드대출(현금서비스), 장기카드대출(카드론), 각종 세금 및 공과금, 아파트관리비, 정부지원금(보육료/유치원보조비/바우처 이용금액 등), 대학(원)등록금, 각종 수수료 및 이자, 연체료, 연회비, 상품권 및 선불카드(선불전자지급수단 포함) 구입·충전금액, 무승인전표(대중교통, 공항버스, 자판기, 터널이용료, 항공기내 이용 등), 취소금액
할인 서비스 제외 대상
무이자할부 이용금액(부분 무이자 포함), 상품권 및 선불카드(선불전자지급수단 포함) 구입·충전금액
해외 이용 확인 사항
해외 이용 시(해외사이트 거래 포함) 미화(USD)기준 거래미화금액에 접수일의(KB국민은행) 최초 고시 전신환 매도율을 적용한 후, 국제브랜드사가 부과하는 제브랜드 수수료(K-WORLD(JCB) 1%, Master 1%)와 KB국민카드가 부과하는 해외서비스 수수료(0.25%)를 포함하여 원화로 청구됩니다.
이 경우 KB국민카드의 해외서비스 수수료는 국제브랜드 수수료를 제외하고 산정됩니다.
해외 이용 시 청구금액 산출방법
해외 이용 시 청구금액 = (거래미화금액 x 전신환매도율¹) + 국제브랜드 수수료² + 해외서비스 수수료³
전신환매도율: 접수일의 KB국민은행 최초고시 전신환매도율
국제브랜드수수료 = (거래미화금액 x 국제브랜드 이용수수료율) x 전신환매도율
해외서비스수수료 = (거래미화금액 x 해외서비스 수수료율) x 전신환매도율

해당 내용은 해외원화결제서비스(DCC)수수료가 없는 경우이며, 해외원화결제서비스(DCC)이용 시 추가 수수료가 발생할 수 있으니 유의하시기 바랍니다.
*해외원화결제서비스(DCC)차단: [KB국민카드 홈페이지/모바일> 서비스>해외이용서비스>해외원화결제차단서비스]","부가서비스 변경 안내
T-economy KB국민카드(2022.05.31 출시)를 이용하는 경우 제공되는 포인트 및 할인혜택 등의 부가서비스는 다음 각 호를 제외하고는 변경할 수 없습니다. (단, 회원의 권익을 증진하거나 부담을 완화하는 경우는 제외합니다)
①카드사의 휴업, 파산, 경영상의 위기 등에 따른 불가피한 경우
①의⑵ 제휴업체의 휴업, 파산, 경영상의 위기로 인해 불가피하게 부가서비스를 축소,변경하는 경우로서 다른 제휴업체를 통해 동종의 유사한 부가서비스 제공이 불가한 경우
②제휴업체가 카드사의 의사에 반하여 해당 부가서비스를 축소하거나 변경 시, 당초 부가서비스에 상응하는 다른 부가서비스를 제공하는 경우
③부가서비스를 3년 이상 제공한 상태에서 해당 부가서비스로 인해 상품의 수익성이 현저히 낮아진 경우
카드사가 부가서비스를 변경하는 경우 변경 사유, 변경 내용 등을 사유 발생 즉시 서면 교부, 우편 또는 전자우편, 전화 또는 팩스, 문자메시지(SMS)또는 이에 준하는 전자적 의사표시 중 두 가지 이상의 방법으로 연락 드립니다.
다만, 상기 3호의 경우 부가서비스 변경일 6개월 이전부터는 서면 교부, 우편 또는 전자우편, 전화 또는 팩스, 문자메시지(SMS) 또는 이에 준하는 전자적 의사표시 중 두 가지 이상의 방법으로 매월 고지하여 드립니다.
가족카드 발급 관련 안내
가족카드 연회비는 별도로 청구되지 않으며, 가족카드 발급매수에는 제한이 없습니다.
가족카드 부가서비스 이용 조건 및 제공 범위는 본인회원 카드의 이용 조건 및 제공 범위와 동일하며 합산 관리됩니다.
가족카드 연말정산 시 가족카드 신용카드 등 사용금액은 가족카드 명의자(카드 앞(뒤)면에 표기된 이름)의 신용카드 등 사용금액으로 포함됩니다. 연간 소득금액기준은 국세청 기준에 따릅니다.
본인회원이 고객센터를 통해 가족회원 앞 SMS서비스 신청이 가능하며, 가족카드 이용대금은 본인회원 이용대금명세서에 합산 청구됩니다.(단, 가족카드 결제계좌를 별도로 운영하는 경우는 제외합니다.)
가족카드 이용금액에 따른 포인트는 본인회원의 포인트에 적립되어 관리되며, 본인회원이 고객센터 또는 홈페이지/모바일앱을 통해 신청 시 타 회원에게 양도 가능합니다. 단, 포인트 양도는 포인트리에 한해 이용이 가능합니다.
이혼, 사망, 파양 등 가족관계 변동 시에는 KB국민카드 고객센터 또는 영업점을 통해 가족관계 변동 사실을 신고하여야 합니다.
가족관계가 변동이 되었음에도 가족카드를 정지 또는 해지하지 않은 경우 본인회원에게 의도하지 않은 카드사용 및 책임이 발생할 수 있습니다. 가족카드 정지 또는 해지는 KB국민카드 고객센터, 영업점, 홈페이지/모바일앱을 통해 처리 가능합니다.(홈페이지/모바일앱은 본인회원만 가능)
본인회원이 요청할 경우 가족회원의 동의 없이 가족카드가 한도감액·정지·해지될 수 있으며, 이 경우 즉시 그 사실을 본인회원과 가족회원에게 안내합니다.(단, 연락 가능한 휴대폰번호가 없는 경우는 제외합니다.)
개인회원 표준약관 제7조(카드이용정지) ①항의 사유로 본인회원 카드가 이용정지 되는 경우 가족카드도 정지가 되며, 본인회원의 카드 해지(탈회) 시 가족카드도 해지됩니다.
기타
T-economy KB국민카드 서비스는 대상 가맹점이 KB국민카드 업종분류 기준, 지정 업종으로 등록된 경우에 한하여 제공됩니다.
별도 전용 가맹점번호로 승인처리 되는 PG(결제대행)업체 또는 일부 간편결제(pay) 이용 시 할인 대상에서 제외 될 수 있습니다.
T-economy KB국민카드는 본인 회원 기준으로 월간 할인 한도가 제공되며 적용 기간은 매월 1일~말일까지(승인시점 기준)입니다.
이용 순서대로 월간 한도 내 할인이 적용되며, 월간 잔여 할인한도는 이월되지 않습니다.
할인 받은 이용 건을 취소할 경우 취소 전표가 실시간으로 접수되지 않아 할인 한도가 즉시 복원되지 않을 수 있습니다.
결제계좌 개설기관의 영업 마감시간(16시) 이후 입금된 금액은 결제계좌 개설 기관의 사정에 따라 당일 출금되지 못하여 연체로 처리될 수 있습니다. 자동이체 업무 마감시간 이후 KB국민카드 홈페이지/모바일앱에서 바로출금 또는 가상계좌 입금으로 당일 결제할 수 있습니다.
* 세부내용: [KB국민카드 홈페이지 > MY KB > 바로출금결제 또는 가상계좌결제] 참조
카드 신청 전 상품설명서 및 약관을 반드시 확인하시기 바랍니다.
필요 이상의 신용카드 발급 및 사용은 개인신용평점이나 이용한도 등에 영향을 미칠 수 있습니다.
금융소비자는 금소법 제 19조 제 1항에 따라 해당 상품 또는 서비스에 대하여 설명을 받을 권리가 있으며, 그 설명을 듣고 내용을 충분히 이해한 후 거래하시기 바랍니다.
신용카드 발급이 부적정한 경우(개인신용평점 낮음, 연체금보유 등) 카드 발급이 제한 될 수 있습니다.
카드이용대금과 이에 수반되는 모든 수수료를 지정된 대금 결제일에 상환합니다.
상품 관련 세부 문의 : 홈페이지 (www.kbcard.com) 또는 KB국민카드 고객센터(1588-1688),
KB국민카드 디지털제휴영업부 kkgc20152@kbfg.com",
https://card.kbcard.com/CRD/DVIEW/HCAMCXPRICAC0076?mainCC=a&cooperationcode=04241,Liiv M Ⅱ 카드,매월 Liiv M 통신비를 절약하는 방법!,신용,"Liiv M 통신요금 자동이체

1.2/1.7만원
청구할인","이용실적 기준
전월 1일 ~ 말일 (승인시점 기준) KB국민 Liiv M II 카드 일시불 및 할부 승인(이용)금액 기준 (가족카드 포함)
해외 이용금액은 전월 1일~말일까지 일시불 매입완료 기준
취소금액은 취소 전표가 당사에 접수된 월의 실적에서 차감
전월 이용실적 제외 대상
KB국민 Liiv M Ⅱ 카드로 할인 받은 이용건 (해당 이용금액 전체), 무이자할부 이용금액, 단기카드대출(현금서비스), 장기카드대출(카드론), 각종 세금 및 공과금, 아파트관리비, 정부지원금(보육료/유치원보조비/바우처 이용금액 등), 대학(원)등록금, 각종 수수료 및 이자, 연체료, 연회비, 상품권 및 선불카드(선불전자지급수단 포함) 구입/충전금액, 무승인전표(대중교통, 공항버스, 자판기, 터널이용료, 항공기내 이용 등), 취소금액
할인 제외 대상
무이자할부 이용금액, 상품권 및 선불카드(선불전자지급수단 포함)구입·충전금액
실적 유예기간 적용
최초 카드 사용등록일로부터 다음달 말일까지 전월 이용실적이 없어도 전월 실적 1구간에 해당하는 서비스 및 한도가 제공됩니다.
기타
KB국민 Liiv M II 카드 서비스는 대상 가맹점이 KB국민카드 업종분류 기준, 지정 업종으로 등록된 경우에 한하여 제공됩니다.
별도 전용 가맹점번호로 승인처리 되는 PG(결제대행)업체 또는 일부 간편결제(pay) 이용 시 할인 대상에서 제외 될 수 있습니다.
KB국민 Liiv M Ⅱ카드는 본인회원 기준으로 월간 할인한도가 제공되며, 적용 기간은 매월 1일~말일까지(승인시점 기준)입니다.
이용 순서대로 월간 한도 내 할인이 적용되며 월간 잔여 할인한도는 이월되지 않습니다.
할인 받은 이용 건을 취소할 경우 취소전표가 실시간으로 접수되지 않아 할인한도가 즉시 복원되지 않을 수 있습니다.
결제계좌 개설기관의 영업 마감시간(16시) 이후 결제계좌에 입금된 금액에 대해서는 결제계좌 개설 기관의 사정에 따라 당일출금되지 못하여 연체로 처리될 수 있으므로 유의하시기 바랍니다. 자동이체 업무 마감시간 이후 당사 홈페이지/모바일* 등에서 바로출금(즉시결제) 또는 가상계좌 입금(송금납부)을 통해 당일 결제가 가능합니다.
세부내용 : KB국민카드 홈페이지 > MY KB > 바로출금결제 또는 가상계좌결제 참조
가족카드 발급 관련 안내
가족카드 연회비는 별도로 청구되지 않으며, 가족카드 발급매수에는 제한이 없습니다.
가족카드 부가서비스 이용 조건 및 제공 범위는 본인회원 카드의 이용 조건 및 제공 범위와 동일하며 합산 관리됩니다.
가족카드 연말정산 시 가족카드 신용카드 등 사용금액은 가족카드 명의자(카드 앞(뒤)면에 표기된 이름)의 신용카드 등 사용금액으로 포함됩니다. 연간 소득금액기준은 국세청 기준에 따릅니다.
본인회원이 고객센터를 통해 가족회원 앞 SMS서비스 신청이 가능하며, 가족카드 이용대금은 본인회원 이용대금명세서에 합산 청구됩니다.(단, 가족카드 결제계좌를 별도로 운영하는 경우는 제외합니다.)
가족카드 이용금액에 따른 포인트는 본인회원의 포인트에 적립되어 관리되며, 본인회원이 고객센터 또는 홈페이지/모바일앱을 통해 신청 시 타 회원에게 양도 가능합니다. 단, 포인트 양도는 KB포인트리에 한해 이용이 가능합니다.
이혼, 사망, 파양 등 가족관계 변동 시에는 KB국민카드 고객센터 또는 영업점을 통해 가족관계 변동사실을 신고하여야 합니다.
가족관계가 변동이 되었음에도 가족카드를 정지 또는 해지하지 않은 경우 본인회원에게 의도하지 않은 카드사용 및 책임이 발생할 수 있습니다. 가족카드 정지(또는 해지)는 KB국민카드 고객센터, 영업점, 홈페이지/모바일앱을 통해 처리 가능 합니다. (홈페이지/모바일앱은 본인회원만 가능)
본인회원이 요청할 경우 가족회원의 동의 없이 가족카드가 한도감액·정지·해지될 수 있으며, 이 경우 즉시 그 사실을 본인회원과 가족회원에게 안내합니다.(단, 연락 가능한 휴대폰번호가 없는 경우는 제외합니다.)
개인회원 표준약관 제7조(카드이용정지) ①항의 사유로 본인회원 카드가 이용정지 되는 경우 가족카드도 정지가 되며, 본인회원의 카드 해지(탈회) 시 가족카드도 해지됩니다.
해외 이용 확인 사항
해외 이용시(해외사이트 거래 포함) 미화(USD)기준 거래미화금액에 접수일의(KB국민은행) 최초 고시
전신환매도율을 적용한 후, 국제브랜드사가 부과하는 국제브랜드 수수료(K-WORLD(JCB) 1%, Master 1%) 와 KB국민카드가 부과하는 해외서비스 수수료(0.25%)를 포함하여 원화로 청구됩니다. 이 경우 KB국민카드의 해외서비스 수수료는 국제브랜드 수수료를 제외하고 산정됩니다.
해외 이용시 청구금액 산출방법
해외 이용시 청구금액 =(거래미화금액 x 전신환 매도율¹) + 국제 브랜드 수수료² + 해외서비스 수수료³
전신환 매도율 : 접수일의 KB국민은행 최초고시 전신환 매도율
국제브랜드수수료 = (거래미화금액 x 국제브랜드 이용수수료율) x 전신환 매도율
해외서비스수수료 = (거래미화금액 x 해외서비스 수수료율) x 전신환 매도율
해당 내용은 해외원화결제서비스(DCC)수수료가 없는 경우이며, 해외원화 결제서비스(DCC)이용 시
추가수수료가 발생할 수 있으니 유의하시기 바랍니다.
해외원화결제서비스(DCC) 차단서비스 : KB국민카드 홈페이지/모바일 > 서비스 > 해외이용서비스 > 해외원화결제차단서비스","부가서비스 변경 안내
KB국민 Liiv M II 카드(2021.03.24 출시)를 이용하는 경우 제공되는 포인트 및 할인혜택 등의 부가서비스는 다음 각 호를 제외하고는 변경할 수 없습니다. (단, 회원의 권익을 증진하거나 부담을 완화하는 경우는 제외합니다)
①
카드사의 휴업, 파산, 경영상의 위기 등에 따른 불가피한 경우
①
의⑵ 제휴업체의 휴업, 파산, 경영상의 위기로 인해 불가피하게 부가서비스를 축소,변경하는 경우로서 다른 제휴업체를 통해 동종의 유사한 부가서비스 제공이 불가한 경우
②
제휴업체가 카드사의 의사에 반하여 해당 부가서비스를 축소하거나 변경 시, 당초 부가서비스에 상응하는 다른 부가서비스를 제공하는 경우
③
부가서비스를 3년 이상 제공한 상태에서 해당 부가서비스로 인해 상품의 수익성이 현저히 낮아진 경우
카드사가 부가서비스를 변경하는 경우 변경 사유, 변경 내용 등을 사유발생 즉시 서면교부, 우편 또는 전자우편, 전화 또는 팩스, 휴대폰 메시지 또는 이에 준하는 전자적 의사표시 중 2가지 이상의 방법으로 고지하여 드립니다. 다만, 상기 3호의 경우 부가서비스 변경일 6개월 이전부터는 서면교부, 우편 또는 전자우편, 전화 또는 팩스, 휴대폰 메시지 또는 이에 준하는 전자적 의사표시 중 2가지 이상의 방법으로 매월 고지하여 드립니다.
카드 신청 전 상품설명서 및 약관을 반드시 확인하시기 바랍니다.
필요 이상의 신용카드 발급 및 사용은 개인신용평점이나 이용한도 등에 영향을 미칠 수 있습니다.
금융소비자는 금소법 제19조 제1항에 따라 해당상품 또는 서비스에 대하여 설명을 받을 권리가 있으며, 그 설명을 듣고 내용을 충분히 이해한 후 거래하시기 바랍니다.
신용카드 발급이 부적정한 경우(개인신용평점 낮음, 연체금 보유 등) 카드발급이 제한 될 수 있습니다.
카드이용대금과 이에 수반되는 모든 수수료를 지정된 대금 결제일에 상환합니다.
상품 관련 세부 문의: 홈페이지(www.kbcard.com) 또는 고객센터(1588-1688)
KB국민카드 디지털제휴영업부 kkgc20152@kbfg.com","부가서비스 변경 안내
KB국민 Liiv M II 카드(2021.03.24 출시)를 이용하는 경우 제공되는 포인트 및 할인혜택 등의 부가서비스는 다음 각 호를 제외하고는 변경할 수 없습니다. (단, 회원의 권익을 증진하거나 부담을 완화하는 경우는 제외합니다)
①카드사의 휴업, 파산, 경영상의 위기 등에 따른 불가피한 경우
①의⑵ 제휴업체의 휴업, 파산, 경영상의 위기로 인해 불가피하게 부가서비스를 축소,변경하는 경우로서 다른 제휴업체를 통해 동종의 유사한 부가서비스 제공이 불가한 경우
②제휴업체가 카드사의 의사에 반하여 해당 부가서비스를 축소하거나 변경 시, 당초 부가서비스에 상응하는 다른 부가서비스를 제공하는 경우
③부가서비스를 3년 이상 제공한 상태에서 해당 부가서비스로 인해 상품의 수익성이 현저히 낮아진 경우
카드사가 부가서비스를 변경하는 경우 변경 사유, 변경 내용 등을 사유발생 즉시 서면교부, 우편 또는 전자우편, 전화 또는 팩스, 휴대폰 메시지 또는 이에 준하는 전자적 의사표시 중 2가지 이상의 방법으로 고지하여 드립니다. 다만, 상기 3호의 경우 부가서비스 변경일 6개월 이전부터는 서면교부, 우편 또는 전자우편, 전화 또는 팩스, 휴대폰 메시지 또는 이에 준하는 전자적 의사표시 중 2가지 이상의 방법으로 매월 고지하여 드립니다.
카드 신청 전 상품설명서 및 약관을 반드시 확인하시기 바랍니다.
필요 이상의 신용카드 발급 및 사용은 개인신용평점이나 이용한도 등에 영향을 미칠 수 있습니다.
금융소비자는 금소법 제19조 제1항에 따라 해당상품 또는 서비스에 대하여 설명을 받을 권리가 있으며, 그 설명을 듣고 내용을 충분히 이해한 후 거래하시기 바랍니다.
신용카드 발급이 부적정한 경우(개인신용평점 낮음, 연체금 보유 등) 카드발급이 제한 될 수 있습니다.
카드이용대금과 이에 수반되는 모든 수수료를 지정된 대금 결제일에 상환합니다.
상품 관련 세부 문의: 홈페이지(www.kbcard.com) 또는 고객센터(1588-1688)
KB국민카드 디지털제휴영업부 kkgc20152@kbfg.com"
https://card.kbcard.com/CRD/DVIEW/HCAMCXPRICAC0076?mainCC=a&cooperationcode=04423,코웨이Ⅱ 카드,코웨이 더블 혜택! 렌탈료 할인과 적립을 동시에!,신용,"코웨이 렌탈료

1.5~2만원
청구할인
코웨이 연간리워드

5~10%
적립
놀이공원

30~50%
현장할인","전월 실적 산정기준
전월 1일 ~ 말일 (승인시점 기준) 코웨이II 카드 일시불 및 할부 승인금액 기준 (가족카드 포함)
해외 이용금액은 전월 1일~말일까지 매입완료 기준
취소금액은 취소 전표가 당사에 접수된 월의 실적에서 차감
전월 실적 제외 대상
코웨이II카드 렌탈료 청구할인 받은 이용건 (해당 이용금액 전체), 무이자할부 이용금액, 단기카드대출(현금서비스), 장기카드대출(카드론), 아파트관리비, 초/중/고등학교(국 /공립) 학교납입금, 정부지원금, 대학(원)등록금, 각종 세금 및 공과금, 각종 수수료 및 이자, 연체료, 연회비, 상품권 및 선불카드 구입/충전금액, 무승인전표 (대중교통, 자판기, 터널이용료, 항공기내 이용 등), 취소금액
할인 제외 대상
무이자할부 이용금액, 상품권 및 선불카드 구입/충전금액
연간 결제납부실적 기준
전년도 1월~12월 코웨이 II 카드 일시불 및 할부 결제납부금액 기준(가족카드 포함)
연간 결제납부실적 제외대상
단기카드대출(현금서비스), 장기카드대출(카드론), 정부지원금, 대학(원) 등록금, 각종 세금 및 공과금, 각종 수수료 및 이자, 연체료, 연회비, 상품권 및 선불카드 구입/충전금액, 취소금액
연간리워드 서비스 확인사항
카드 발급 초회년도 결제납부실적이 1,000만원 미만인 경우에는 코웨이 연간이용금액의 5% 적립서비스를 제공하며, 연 적립한도는 5만점에 대해 '초회년도 결제납부 실적의 1,000만원에 대한 비율'만큼 적용하여 제공합니다.
단, 계산한 포인트리가 1,000 포인트리 이상인 경우에만 제공됩니다.
기타
코웨이 II 카드 서비스는 대상 가맹점이 KB국민카드 업종분류 기준, 지정 업종으로 등록된 경우에 한하여 제공됩니다.
코웨이 II 카드는 본인회원 기준으로 월간 할인한도가 제공되며, 적용 기간은 매월 1일~말일까지(승인시점 기준)입니다. 잔여 할인한도는 이월되지 않습니다.
할인 받은 이용 건을 취소할 경우 취소전표가 실시간으로 접수되지 않아 할인한도가 즉시 복원되지 않을 수 있습니다.
결제계좌 개설기관의 영업 마감시간(16시) 이후 결제계좌에 입금된 금액에 대해서는 결제계좌 개설 기관의 사정에 따라 당일 출금되지 못하여 연체로 처리될 수 있으므로 유의하시기 바랍니다. 자동이체 업무 마감시간 이후 당사 홈페이지/모바일* 등에서 바로출금(즉시결제) 또는 가상계좌 입금(송금납부)을 통해 당일 결제가 가능합니다.
세부내용: KB국민카드 홈페이지 > MY KB > 바로출금 또는 가상계좌 참조
카드 신청 전 상품설명서 및 약관을 반드시 확인하시기 바랍니다.
필요 이상의 신용카드 발급 및 사용은 개인신용평점이나 이용한도 등에 영향을 미칠 수 있습니다.
금융소비자는 금소법 제19조 제1항에 따라 해당상품 또는 서비스에 대하여 설명을 받을 권리가 있으며, 그 설명을 듣고 내용을 충분히 이해한 후 거래하시기 바랍니다.
신용카드 발급이 부적정한 경우(개인신용평점 낮음, 연체금 보유 등) 카드발급이 제한 될 수 있습니다.
카드이용대금과 이에 수반되는 모든 수수료를 지정된 대금 결제일에 상환합니다.
상품 관련 세부 사항은 홈페이지(www.kbcard.com)를 참조하시거나 고객센터 (☎1588-1688)로 문의하여 주시기 바랍니다.
KB국민카드 디지털제휴영업부 kkgc20152@kbfg.com","부가서비스 변경 안내
KB국민 코웨이Ⅱ카드(2018.06.29 출시)를 이용하는 경우 제공되는 포인트 및 할인혜택 등의 부가서비스는 다음 각 호를 제외하고는 변경할 수 없습니다. (단, 회원의 권익을 증진하거나 부담을 완화하는 경우는 제외합니다)
①
카드사의 휴업, 파산, 경영상의 위기 등에 따른 불가피한 경우
①
의⑵ 제휴업체의 휴업, 파산, 경영상의 위기로 인해 불가피하게 부가서비스를 축소,변경하는 경우로서 다른 제휴업체를 통해 동종의 유사한 부가서비스 제공이 불가한 경우
②
제휴업체가 카드사의 의사에 반하여 해당 부가서비스를 축소하거나 변경 시, 당초 부가서비스에 상응하는 다른 부가서비스를 제공하는 경우
③
부가서비스를 3년 이상 제공한 상태에서 해당 부가서비스로 인해 상품의 수익성이 현저히 낮아진 경우
카드사가 부가서비스를 변경하는 경우 변경 사유, 변경 내용 등을 사유발생 즉시 서면교부, 우편 또는 전자우편, 전화 또는 팩스, 휴대폰 메시지 또는 이에 준하는 전자적 의사표시 중 2가지 이상의 방법으로 고지하여 드립니다. 다만, 상기 3호의 경우 부가서비스 변경일 6개월 이전부터는 서면교부, 우편 또는 전자우편, 전화 또는 팩스, 휴대폰 메시지 또는 이에 준하는 전자적 의사표시 중 2가지 이상의 방법으로 매월 고지하여 드립니다.
해외 이용 확인 사항
해외 이용시(해외사이트 거래 포함) 미화(USD)기준 거래미화금액에 접수일의(KB국민은행) 최초 고시
전신환 매도율을 적용한 후, 국제브랜드사가 부과하는 국제브랜드 수수료(K-WORLD(JCB 타입) 1.0%, Master 1.0%)와 KB국민카드가 부과하는 해외서비스 수수료(0.25%)를 포함하여 원화로 청구됩니다.이 경우 KB국민카드의 해외서비스 수수료는 국제 브랜드 수수료를 제외하고 산정됩니다.
해외 이용시 청구금액 산출방법
해외 이용시 청구금액 =(거래미화금액 x 전신환 매도율¹) + 국제 브랜드 수수료² + 해외서비스 수수료³
전신환 매도율 : 접수일의 KB국민은행 최초고시 전신환 매도율
국제브랜드수수료 = (거래미화금액 x 국제브랜드 이용수수료율) x 전신환 매도율
해외서비스수수료 = (거래미화금액 x 해외서비스 수수료율) x 전신환 매도율
K-WORLD (JCB) 브랜드는 2019.12.31까지 국제브랜드 수수료가 0.5% 할인됩니다.
( 단, 해외 이용 단기 카드대출(현금서비스)는 할인 제외)
해당 내용은 해외원화결제서비스(DCC)수수료가 없는 경우이며, 해외원화 결제서비스(DCC)이용 시
추가수수료가 발생할 수 있으니 유의하시기 바랍니다.",
https://card.kbcard.com/CRD/DVIEW/HCAMCXPRICAC0076?mainCC=a&cooperationcode=04418,SK매직 올림카드,"렌탈 요금, 스마트하게 할인 받고 영화·놀이공원 할인까지!",신용,"
SK매직 렌탈료

1.1~2만원
청구할인
놀이공원

30~50%
현장할인","할인서비스 제외 대상
(부분)무이자할부 이용금액, 상품권 및 선불카드 구입/충전금액
전월 이용실적 기준
전월 1일 ~ 말일까지 KB국민 SK매직 올림카드의 일시불 및 할부 승인금액 기준(해외 이용금액은 전월 1일~말일까지 매입완료 기준)
이용실적 제외대상
KB국민 SK매직 올림카드로 할인 받은 이용금액 (해당 이용금액 전체), 단기카드대출(현금서비스), 장기카드대출(카드론), 각종 세금 및 공과금, 아파트관리비, 정부지원금, 대학(대학원)등록금, 각종 수수료 및 이자, 연체료, 연회비, 상품권 및 선불카드 구입·충전금액, 무승인전표(대중교통, 자판기, 터널이용료, 항공기내 이용 등), 취소금액
기타
취소금액은 취소 전표가 당사에 접수된 월의 이용실적에서 차감됩니다.
KB국민 SK매직 올림카드는 본인 회원 기준으로 월간 할인한도가 제공되며, 적용 기간은 매월 1일~말일까지입니다.
이용한 달의 월간 할인한도 내에서 할인이 적용되며, 월간 잔여할인한도는 이월되지 않습니다.
할인/적립이 적용된 매출 취소 시, 취소전표가 실시간 매입되지 않아 할인/적립 한도의 복원과 이에 따른 할인/적립이 즉시 적용되지 않을 수 있습니다.
KB국민 SK매직 올림카드의 할인서비스는 해당 가맹점이 KB국민카드의 가맹점 업종코드상 해당 가맹점 업종으로 등록된 경우에 한하여 제공됩니다. PG(결제대행) 업체를 통한 결제 및 호텔, 백화점, 대형마트, 철도역사 등에 입점한 가맹점이나 상품권 구매 시 할인 대상에서 제외될 수 있습니다.
KB국민 SK매직 올림카드는 기본 포인트리가 적립되지 않습니다. 단, KB국민카드 스타샵 가맹점에서 제공해드리는 포인트리는 적립됩니다.
해외 이용 확인 사항
해외 이용시(해외사이트 거래 포함) 미화(USD)기준 거래미화금액에 접수일의(KB국민은행) 최초 고시
전신환 매도율을 적용한 후, 국제브랜드사가 부과하는 국제브랜드 수수료(K-WORLD(JCB 타입) 1.0%, Master 1.0%)와 KB국민카드가 부과하는 해외서비스 수수료(0.25%)를 포함하여 원화로 청구됩니다. 이 경우 KB국민카드의 해외서비스 수수료는 국제브랜드 수수료를 제외하고 산정됩니다.
해외 이용시 청구금액 산출방법
해외 이용시 청구금액 =(거래미화금액 x 전신환 매도율¹) + 국제 브랜드 수수료² + 해외서비스 수수료³
전신환 매도율 : 접수일의 KB국민은행 최초고시 전신환 매도율
국제브랜드수수료 = (거래미화금액 x 국제브랜드 이용수수료율) x 전신환 매도율
해외서비스수수료 = (거래미화금액 x 해외서비스 수수료율) x 전신환 매도율
K-WORLD (JCB) 브랜드는 2019.12.31까지 국제브랜드 수수료가 0.5% 할인됩니다.
( 단, 해외 이용 단기 카드대출(현금서비스)는 할인 제외)
해당 내용은 해외원화결제서비스(DCC)수수료가 없는 경우이며, 해외원화 결제서비스(DCC)이용 시
추가수수료가 발생할 수 있으니 유의하시기 바랍니다.","부가서비스 변경 안내
KB국민 SK매직 올림카드(2016.12.21 출시)를 이용하는 경우 제공되는 포인트 및 할인혜택 등의 부가서비스는 다음 각 호를 제외하고는 변경할 수 없습니다. (단, 회원의 권익을 증진하거나 부담을 완화하는 경우는 제외합니다)
①
카드사의 휴업, 파산, 경영상의 위기 등에 따른 불가피한 경우
①
의⑵ 제휴업체의 휴업, 파산, 경영상의 위기로 인해 불가피하게 부가서비스를 축소,변경하는 경우로서 다른 제휴업체를 통해 동종의 유사한 부가서비스 제공이 불가한 경우
②
제휴업체가 카드사의 의사에 반하여 해당 부가서비스를 축소하거나 변경 시, 당초 부가서비스에 상응하는 다른 부가서비스를 제공하는 경우
③
부가서비스를 3년 이상 제공한 상태에서 해당 부가서비스로 인해 상품의 수익성이 현저히 낮아진 경우
카드사가 부가서비스를 변경하는 경우 변경 사유, 변경 내용 등을 사유발생 즉시 서면교부, 우편 또는 전자우편, 전화 또는 팩스, 휴대폰 메시지 또는 이에 준하는 전자적 의사표시 중 2가지 이상의 방법으로 고지하여 드립니다. 다만, 상기 3호의 경우 부가서비스 변경일 6개월 이전부터는 서면교부, 우편 또는 전자우편, 전화 또는 팩스, 휴대폰 메시지 또는 이에 준하는 전자적 의사표시 중 2가지 이상의 방법으로 매월 고지하여 드립니다.
카드 신청 전 상품설명서 및 약관을 반드시 확인하시기 바랍니다.
필요 이상의 신용카드 발급 및 사용은 개인신용평점이나 이용한도 등에 영향을 미칠 수 있습니다.
금융소비자는 금소법 제19조 제1항에 따라 해당상품 또는 서비스에 대하여 설명을 받을 권리가 있으며, 그 설명을 듣고 내용을 충분히 이해한 후 거래하시기 바랍니다.
신용카드 발급이 부적정한 경우(개인신용평점 낮음, 연체금 보유 등) 카드발급이 제한 될 수 있습니다.
카드이용대금과 이에 수반되는 모든 수수료를 지정된 대금 결제일에 상환합니다.
KB국민카드 디지털제휴영업부 kkgc20152@kbfg.com",
https://card.kbcard.com/CRD/DVIEW/HCAMCXPRICAC0076?mainCC=a&cooperationcode=04417,교원 웰스 KB국민카드,웰스로 건강한 습관 ! KB국민카드로 알뜰한 습관 !,신용,"교원웰스 렌탈료

1.1~2만원
청구 할인
패밀리레스토랑

20%
청구할인
놀이공원

30~50%
현장할인","이용실적 산정기준
전월 1일 ~ 말일(승인시점 기준) 교원 웰스 KB국민카드 일시불 할부 승인(이용)금액
(해외 이용금액은 전월 1일 ~말일까지 매입완료 기준)
이용실적 제외대상
교원 웰스 KB국민카드로 '교원 웰스 렌탈료 할인 서비스', '패밀리레스토랑 할인 서비스' 받은 이용건(해당 매출 전체), 단기카드대출(현금서비스), 장기카드대출(카드론), 각종 세금 및 공과금, 정부지원금, 대학(원)등록금, 각종 수수료 및 이자, 연체료, 연회비, 상품권 및 선불카드 구입·충전금액, 무승인전표(대중교통, 자판기, 터널이용료, 항공기내 이용 등), 취소금액
기타
할인제외 대상 : 무이자할부 이용금액, 상품권 및 선불카드 구입·충전금액
취소금액은 취소 전표가 당사에 접수된 월의 이용실적에서 차감됩니다.
교원 웰스 KB국민카드는 본인 회원 기준으로 월간 할인한도가 제공되며, 할인한도는 매월 1일 ~ 말일까지(승인시점 기준) 이용금액으로 적용됩니다.
이용한 달의 월간 할인한도 내에서 할인이 적용되며, 월간 잔여할인한도는 이월되지 않습니다.
할인 받은 매출을 취소한 경우 취소 전표가 실시간 접수되지 않아 할인 한도가 즉시 복원되지 않을 수 있습니다.
교원 웰스 KB국민카드의 할인서비스는 해당 가맹점이 KB국민카드의 가맹점 업종코드상 해당 가맹점 업종으로 등록된 경우에 한하여 제공됩니다. PG(결제대행) 업체를 통한 결제 및 호텔, 백화점, 대형마트, 철도역사 등에 입점한 가맹점이나 상품권 구매 시 할인 대상에서 제외될 수 있습니다.
교원 웰스 KB국민카드는 기본 포인트리가 적립되지 않습니다. 단, KB국민카드 스타샵 가맹점에서 제공해드리는 포인트리는 적립됩니다.
결제계좌 개설기관의 영업 마감시간(16시) 이후 결제계좌에 입금된 금액에 대해서는 결제계좌 개설 기관의 사정에 따라 당일 출금되지 못하여 연체로 처리 될 수 있으므로 유의하시기 바랍니다. 자동납부 업무 마감시간 이후 당사 홈페이지/모바일* 등에서 바로출금(즉시결제) 또는 가상계좌 입금(송금납부)을 통해 당일 결제가 가능합니다.
* 세부내용 : KB국민카드 홈페이지 > MY KB > 바로출금 또는 가상계좌 참조
해외 이용 확인 사항
해외 이용시(해외사이트 거래 포함) 미화(USD)기준 거래미화금액에 접수일의(KB국민은행) 최초 고시
전신환 매도율을 적용한 후, 국제브랜드사가 부과하는 국제브랜드 수수료(K-WORLD(JCB 타입) 1.0%, Master 1.0%)와 KB국민카드가 부과하는 해외서비스 수수료(0.25%)를 포함하여 원화로 청구됩니다.이 경우 KB국민카드의 해외서비스 수수료는 국제 브랜드 수수료를 제외하고 산정됩니다.
해외 이용시 청구금액 산출방법
해외 이용시 청구금액 =(거래미화금액 x 전신환 매도율¹) + 국제 브랜드 수수료² + 해외서비스 수수료³
전신환 매도율 : 접수일의 KB국민은행 최초고시 전신환 매도율
국제브랜드수수료 = (거래미화금액 x 국제브랜드 이용수수료율) x 전신환 매도율
해외서비스수수료 = (거래미화금액 x 해외서비스 수수료율) x 전신환 매도율
K-WORLD (JCB) 브랜드는 2019.12.31까지 국제브랜드 수수료가 0.5% 할인됩니다.
( 단, 해외 이용 단기 카드대출(현금서비스)는 할인 제외)
해당 내용은 해외원화결제서비스(DCC)수수료가 없는 경우이며, 해외원화 결제서비스(DCC)이용 시
추가수수료가 발생할 수 있으니 유의하시기 바랍니다.","부가서비스 변경 안내
교원웰스 KB국민카드(2017.07.03 출시)를 이용하는 경우 제공되는 포인트 및 할인혜택 등의 부가서비스는 다음 각 호를 제외하고는 변경할 수 없습니다. (단, 회원의 권익을 증진하거나 부담을 완화하는 경우는 제외합니다)
①
카드사의 휴업, 파산, 경영상의 위기 등에 따른 불가피한 경우
①
의⑵ 제휴업체의 휴업, 파산, 경영상의 위기로 인해 불가피하게 부가서비스를 축소,변경하는 경우로서 다른 제휴업체를 통해 동종의 유사한 부가서비스 제공이 불가한 경우
②
제휴업체가 카드사의 의사에 반하여 해당 부가서비스를 축소하거나 변경 시, 당초 부가서비스에 상응하는 다른 부가서비스를 제공하는 경우
③
부가서비스를 3년 이상 제공한 상태에서 해당 부가서비스로 인해 상품의 수익성이 현저히 낮아진 경우
카드사가 부가서비스를 변경하는 경우 변경 사유, 변경 내용 등을 사유발생 즉시 서면교부, 우편 또는 전자우편, 전화 또는 팩스, 휴대폰 메시지 또는 이에 준하는 전자적 의사표시 중 2가지 이상의 방법으로 고지하여 드립니다. 다만, 상기 3호의 경우 부가서비스 변경일 6개월 이전부터는 서면교부, 우편 또는 전자우편, 전화 또는 팩스, 휴대폰 메시지 또는 이에 준하는 전자적 의사표시 중 2가지 이상의 방법으로 매월 고지하여 드립니다.
카드 신청 전 상품설명서 및 약관을 반드시 확인하시기 바랍니다.
필요 이상의 신용카드 발급 및 사용은 개인신용평점이나 이용한도 등에 영향을 미칠 수 있습니다.
금융소비자는 금소법 제19조 제1항에 따라 해당상품 또는 서비스에 대하여 설명을 받을 권리가 있으며, 그 설명을 듣고 내용을 충분히 이해한 후 거래하시기 바랍니다.
신용카드 발급이 부적정한 경우(개인신용평점 낮음, 연체금 보유 등) 카드발급이 제한 될 수 있습니다.
카드이용대금과 이에 수반되는 모든 수수료를 지정된 대금 결제일에 상환합니다.
KB국민카드 디지털제휴영업부 kkgc20152@kbfg.com",
https://card.kbcard.com/CRD/DVIEW/HCAMCXPRICAC0076?mainCC=a&cooperationcode=04336,청호나이스Ⅱ카드,렌탈 요금 매월 할인 받는 방법!,신용,"
렌탈료 자동납부

1.2 /1.7만원
청구할인","전월 이용실적 기준
전월 1일~말일(승인시점 기준) KB국민 청호나이스Ⅱ카드 일시불 및 할부 승인(이용)금액 기준(가족카드 포함)
해외 이용금액은 전월 1일~말일까지 일시불 매입 완료 기준
취소금액은 취소전표가 당사에 접수된 월의 실적에서 차감
전월 실적 제외 대상
KB국민 청호나이스Ⅱ카드로 할인받은 이용건(해당 이용금액 전체), 무이자할부 이용금액, 단기카드대출(현금서비스), 장기카드대출(카드론), 각종 세금 및 공과금, 아파트관리비, 정부지원금(보육료/유치원보조비/바우처 이용금액 등), 대학(원)등록금, 각종 수수료 및 이자, 연체료, 연회비, 상품권 및 선불카드(선불전자지급수단 포함) 구입·충전금액, 무승인전표(대중교통, 공항버스, 자판기, 터널이용료, 항공기내 이용 등), 취소금액
할인 제외 대상
무이자할부 이용금액, 상품권 및 선불카드(선불전자지급수단 포함) 구입·충전금액
기타
KB국민 청호나이스Ⅱ카드 서비스는 대상 가맹점이 KB국민카드 업종분류 기준, 지정 업종으로 등록된 경우에 한하여 제공됩니다.
별도 전용 가맹점번호로 승인처리 되는 PG(결제대행)업체 또는 일부 간편결제(pay) 이용 시 할인 대상에서 제외 될 수 있습니다.
KB국민 청호나이스Ⅱ카드는 본인 회원 기준으로 월간 할인한도가 제공되며 적용기간은 매월 1일~말일까지(승인시점 기준)입니다.
이용 순서대로 월간 한도 내 할인이 적용되며, 월간 잔여 할인한도는 이월되지 않습니다.
할인 받은 이용 건을 취소할 경우 취소전표가 실시간으로 접수되지 않아 할인한도가 즉시 복원되지 않을 수 있습니다.
결제계좌 개설기관의 영업 마감시간(16시) 이후 결제계좌에 입금된 금액에 대해서는 결제계좌 개설 기관의 사정에 따라 당일 출금되지 못하여 연체로 처리될 수 있으므로 유의하시기 바랍니다. 자동이체 업무 마감시간 이후 당사 홈페이지/모바일* 등에서 바로출금(즉시결제) 또는 가상계좌 입금(송금납부)을 통해 당일 결제가 가능합니다.
세부내용 : KB국민카드 홈페이지 > MY KB > 바로출금결제 또는 가상계좌결제 참조
해외 이용 확인 사항
해외 이용시(해외사이트 거래 포함) 미화(USD)기준 거래미화금액에 접수일의(KB국민은행) 최초 고시
전신환매도율을 적용한 후, 국제브랜드사가 부과하는 국제브랜드 수수료(K-WORLD(JCB) 1%, Master 1%)와 KB국민카드가 부과하는 해외서비스 수수료(0.25%)를 포함하여 원화로 청구됩니다. 이 경우 KB국민카드의 해외서비스 수수료는 국제브랜드 수수료를 제외하고 산정됩니다.
해외 이용시 청구금액 산출방법
해외 이용시 청구금액 =(거래미화금액 x 전신환 매도율¹) + 국제 브랜드 수수료² + 해외서비스 수수료³
전신환 매도율 : 접수일의 KB국민은행 최초고시 전신환 매도율
국제브랜드수수료 = (거래미화금액 x 국제브랜드 이용수수료율) x 전신환 매도율
해외서비스수수료 = (거래미화금액 x 해외서비스 수수료율) x 전신환 매도율
해당 내용은 해외원화결제서비스(DCC)수수료가 없는 경우이며, 해외원화 결제서비스(DCC)이용 시
추가수수료가 발생할 수 있으니 유의하시기 바랍니다.
해외원화결제서비스(DCC)차단서비스: KB국민카드 홈페이지/모바일> 서비스>해외이용서비스>해외원화결제차단 서비스","부가서비스 변경 안내
KB국민 청호나이스Ⅱ카드(2021.05.20 출시)를 이용하는 경우 제공되는 포인트 및 할인혜택 등의 부가서비스는 다음 각 호를 제외하고는 변경할 수 없습니다. (단, 회원의 권익을 증진하거나 부담을 완화하는 경우는 제외합니다)
①
카드사의 휴업, 파산, 경영상의 위기 등에 따른 불가피한 경우
①
의⑵ 제휴업체의 휴업, 파산, 경영상의 위기로 인해 불가피하게 부가서비스를 축소,변경하는 경우로서 다른 제휴업체를 통해 동종의 유사한 부가서비스 제공이 불가한 경우
②
제휴업체가 카드사의 의사에 반하여 해당 부가서비스를 축소하거나 변경 시, 당초 부가서비스에 상응하는 다른 부가서비스를 제공하는 경우
③
부가서비스를 3년 이상 제공한 상태에서 해당 부가서비스로 인해 상품의 수익성이 현저히 낮아진 경우
카드사가 부가서비스를 변경하는 경우 변경 사유, 변경 내용 등을 사유발생 즉시 서면교부, 우편 또는 전자우편, 전화 또는 팩스, 휴대폰 메시지 또는 이에 준하는 전자적 의사표시 중 2가지 이상의 방법으로 고지하여 드립니다. 다만, 상기 3호의 경우 부가서비스 변경일 6개월 이전부터는 서면교부, 우편 또는 전자우편, 전화 또는 팩스, 휴대폰 메시지 또는 이에 준하는 전자적 의사표시 중 2가지 이상의 방법으로 매월 고지하여 드립니다.
가족카드 발급 관련 안내
가족카드 연회비는 별도로 청구되지 않으며, 가족카드 발급매수에는 제한이 없습니다.
가족카드 부가서비스 이용 조건 및 제공 범위는 본인회원 카드의 이용 조건 및 제공 범위와 동일하며 합산 관리됩니다.
가족카드 연말정산 시 가족카드 신용카드 등 사용금액은 가족카드 명의자(카드 앞(뒤)면에 표기된 이름)의 신용카드 등 사용금액으로 포함됩니다. 연간 소득금액기준은 국세청 기준에 따릅니다.
본인회원이 고객센터를 통해 가족회원 앞 SMS서비스 신청이 가능하며, 가족카드 이용대금은 본인회원 이용대금명세서에 합산 청구됩니다.(단, 가족카드 결제계좌를 별도로 운영하는 경우는 제외합니다.)
가족카드 이용금액에 따른 포인트는 본인회원의 포인트에 적립되어 관리되며, 본인회원이 고객센터 또는 홈페이지/모바일앱을 통해 신청 시 타 회원에게 양도 가능합니다. 단, 포인트 양도는 KB포인트리에 한해 이용이 가능합니다.
이혼, 사망, 파양 등 가족관계 변동 시에는 KB국민카드 고객센터 또는 영업점을 통해 가족관계 변동사실을 신고하여야 합니다.
가족관계가 변동이 되었음에도 가족카드를 정지 또는 해지하지 않은 경우 본인회원에게 의도하지 않은 카드사용 및 책임이 발생할 수 있습니다. 가족카드 정지 또는 해지는 KB국민카드 고객센터, 영업점, 홈페이지/모바일앱을 통해 처리 가능합니다.(홈페이지/모바일앱은 본인회원만 가능)
본인회원이 요청할 경우 가족회원의 동의 없이 가족카드가 한도감액·정지·해지될 수 있으며, 이 경우 즉시 그 사실을 본인회원과 가족회원에게 안내합니다.(단, 연락 가능한 휴대폰번호가 없는 경우는 제외합니다.)
개인회원 표준약관 제7조(카드이용정지) ①항의 사유로 본인회원 카드가 이용정지 되는 경우 가족카드도 정지가 되며, 본인회원의 카드 해지(탈회) 시 가족카드도 해지됩니다.

카드 신청 전 상품설명서 및 약관을 반드시 확인하시기 바랍니다.
필요 이상의 신용카드 발급 및 사용은 개인신용평점이나 이용한도 등에 영향을 미칠 수 있습니다.
금융소비자는 금소법 제19조 제1항에 따라 해당상품 또는 서비스에 대하여 설명을 받을 권리가 있으며, 그 설명을 듣고 내용을 충분히 이해한 후 거래하시기 바랍니다.
신용카드 발급이 부적정한 경우(개인신용평점 낮음, 연체금 보유 등) 카드발급이 제한 될 수 있습니다.
카드이용대금과 이에 수반되는 모든 수수료를 지정된 대금 결제일에 상환합니다.
상품 관련 세부 문의 : 홈페이지(www.kbcard.com) 또는 고객센터(☎1588-1688)
KB국민카드 디지털제휴영업부 kkgc20152@kbfg.com",
https://card.kbcard.com/CRD/DVIEW/HCAMCXPRICAC0076?mainCC=a&cooperationcode=04351,토스모바일 KB국민카드,통신요금 매월 할인 받는 방법!,신용,"토스모바일 통신요금 자동납부

7천/1.1만원
청구할인","전월 이용실적 기준
전월 1일 ~ 말일 (승인시점 기준) 토스모바일 KB국민카드 일시불 및 할부 승인금액 기준 (가족카드포함)
해외 이용금액은 전월 1일 ~ 말일까지 일시불 매입완료 기준
취소금액은 취소 전표가 당사에 접수된 월의 실적에서 차감
전월 이용실적 제외 대상
토스모바일 KB국민카드로 할인받은 이용건(해당 이용금액 전체), (부분)무이자할부 이용금액, 단기카드대출(현금서비스), 장기카드대출(카드론), 상품권 및 선불카드(선불전자지급수단 포함) 구입/충전 금액, 아파트관리비, 유치원/초·중·고 학교 납입금 전체, 정부지원금(보육료/유치원보조비/바우처 이용금액 등), 대학(원) 등록금, 국세, 지방세, 각종 공과금(전기/수도 등), 4대 사회보험료(건강/연금/고용/산재), 각종 수수료 및 이자, 연체료, 연회비, 무승인전표(자판기/터널이용료/항공기내 이용 등), 취소금액
할인서비스 제외 대상
(부분)무이자할부 이용금액, 상품권 및 선불카드(선불전자지급수단 포함) 구입/충전금액
해외 이용 확인사항
해외 이용시(해외사이트 거래 포함) 미화(USD)기준 거래미화금액에 접수일의(KB국민은행) 최초고시 전신환 매도율을 적용한 후, 국제브랜드사가 부과하는 국제브랜드 수수료(Master 1.0%)와 KB국민카드가 부과하는 해외서비스 수수료 (0.25%)를 포함하여 원화로 청구됩니다. 이 경우 KB국민카드의 해외서비스 수수료는 국제브랜드 수수료를 제외하고 산정됩니다.
해외 이용시 청구금액 산출방법
해외 이용시 청구금액 = (거래미화금액 X 전신환매도율¹) + 국제브랜드 수수료² + 해외서비스 수수료³
전신환 매도율 : 접수일의 KB국민은행 최초고시 전신환매도율
국제브랜드 수수료 = (거래미화금액 X 국제브랜드 이용수수료율) X 전신환매도율
해외서비스 수수료 = (거래미화금액 X 해외서비스 수수료율) X 전신환매도율
해당 내용은 해외원화결제(DCC) 서비스 수수료가 없는 경우이며, 해외원화결제(DCC) 서비스 이용 시 추가 수수료가 발생할 수 있으니 유의하시기 바랍니다.
해외원화결제(DCC) 차단 서비스 이용방법 : KB국민카드 홈페이지/모바일앱 > 서비스 > 해외이용서비스 > 해외원화결제차단서비스
부가서비스 변경 안내
토스모바일 KB국민카드(2023.07.21 출시)를 이용하는 경우 제공되는 포인트 및 할인혜택 등의 부가서비스는 다음 각 호를 제외하고는 변경할 수 없습니다.(단, 회원의 권익을 증진하거나 부담을 완화하는 경우는 제외합니다.)
카드사의 휴업·파산·경영상의 위기 등에 따른 불가피한 경우
1-2. 제휴업체의 휴업·파산·경영상의 위기로 인해 불가피 하게 부가서비스를 축소·변경하는 경우로서 다른 제휴업체를 통해 동종의 유사한 부가서비스 제공이 불가한 경우
제휴업체가 카드사의 의사에 반하여 해당 부가서비스를 축소하거나 변경 시, 당초 부가서비스에 상응하는 다른 부가서비스를 제공하는 경우
부가서비스를 3년 이상 제공한 상태에서 해당 부가 서비스로 인해 상품의 수익성이 현저히 낮아진 경우
카드사가 부가서비스를 변경하는 경우 변경 사유, 변경 내용 등을 사유 발생 즉시 서면교부, 우편 또는 전자우편, 전화 또는 팩스, 휴대폰 메시지 또는 이에 준하는 전자적 의사 표시 중 2가지 이상의 방법으로 고지하여 드립니다. 다만, 상기 3호의 경우 부가서비스 변경일 6개월 이전부터 서면교부, 우편 또는 전자우편, 전화 또는 팩스, 휴대폰 메시지 또는 이에 준하는 전자적 의사표시 중 2가지 이상의 방법으로 매월 고지하여 드립니다.","가족카드 발급 관련 안내
가족카드 연회비는 별도로 청구되지 않으며, 가족카드 최대 발급 가능 매수에는 제한이 없습니다.
가족카드 부가서비스 이용 조건 및 제공 범위는 본인회원 카드의 이용 조건 및 제공 범위와 동일하며 합산 관리됩니다.
가족카드 연말정산 시 가족카드 ‘신용카드 등 사용금액’은 가족카드 명의자(카드 앞(뒷)면에 표기된 이름)의 ‘신용카드 등 사용금액’으로 포함됩니다. 연간 소득금액기준은 국세청 기준에 따릅니다.
본인회원이 고객센터를 통해 가족회원 앞 SMS서비스 신청이 가능하며, 가족카드 이용대금은 본인회원 이용대금명세서에 합산 청구 됩니다.(단, 가족카드 결제계좌를 별도로 운영하는 경우는 제외합니다.)
가족카드 이용금액에 따른 포인트는 본인회원의 포인트에 적립되어 관리되며, 본인회원이 고객센터 또는 홈페이지/모바일앱을 통해 신청 시 타 회원에게 양도 가능합니다. 단, 포인트 양도는 KB포인트리에 한해 이용이 가능합니다.
이혼, 사망, 파양 등 가족관계 변동 시에는 KB국민카드 고객센터 또는 영업점을 통해 가족관계 변동사실을 신고하여야 합니다.
가족관계가 변동이 되었음에도 가족카드를 정지 또는 해지하지 않은 경우 본인회원에게 의도하지 않은 카드사용 및 책임이 발생할 수 있습니다. 가족카드 정지 또는 해지는 KB국민카드 고객센터, 영업점, 홈페이지/모바일앱을 통해 처리 가능합니다.(홈페이지/모바일앱은 본인회원만 가능)
본인회원이 요청할 경우 가족회원의 동의 없이 가족카드가 한도감액·정지·해지될 수 있으며, 이 경우 즉시 그 사실을 본인회원과 가족 회원에게 안내합니다.(단, 연락 가능한 휴대폰번호가 없는 경우는 제외합니다.)
개인회원 표준약관 제7조(카드이용정지) ①항의 사유로 본인회원 카드가 이용정지 되는 경우 가족카드도 정지가 되며, 본인회원의 카드 해지(탈회) 시 가족카드도 해지됩니다.
기타
토스모바일 KB국민카드 서비스는 대상 가맹점이 KB국민카드의 업종분류 기준, 지정 업종에 한하여 제공됩니다.
별도 전용 가맹점번호로 승인처리되는 PG(결제대행)업체 또는 일부 간편결제(Pay)이용 시 할인대상에서 제외될 수 있습니다.
토스모바일 KB국민카드는 본인회원 기준으로 월간 할인한도가 제공되며, 적용 기간은 매월 1일~말일까지(승인시점 기준)입니다.
이용 순서대로 월간 한도 내 할인이 적용되며 잔여 할인한도는 이월되지 않습니다.
할인 받은 이용 건을 취소할 경우 취소전표가 실시간으로 접수되지 않아 할인한도가 즉시 복원되지 않을 수 있습니다.
결제계좌 개설기관의 영업 마감시간(16시) 이후 입금된 금액에 대해서는 결제계좌 개설 기관의 사정에 따라 당일 출금되지 못하여 연체로 처리될 수 있으므로 유의하시기 바랍니다. 자동이체 업무 마감시간 이후 당사 홈페이지/모바일* 등에서 바로출금(즉시결제) 또는 가상계좌 입금(송금납부)을 통해 당일 결제가 가능합니다.
세부내용: KB국민카드 홈페이지 > MY KB > 바로출금 또는 가상계좌 참조


카드 신청 전 상품설명서 및 약관을 반드시 확인하시기 바랍니다.
필요 이상의 신용카드 발급 및 사용은 개인신용평점이나 이용한도 등에 영향을 미칠 수 있습니다.
금융소비자는 금소법 제19조 제 1항에 따라 해당상품 또는 서비스에 대하여 설명을 받을 권리가 있으며, 그 설명을 듣고 내용을 충분히 이해한 후 거래하시기 바랍니다.
신용카드 발급이 부적정한 경우(신용평점 낮음, 연체금 보유 등) 카드발급이 제한 될 수 있습니다.
카드 이용대금과 이에 수반되는 모든 수수료를 지정된 대금 결제일에 상환합니다.",
https://card.kbcard.com/CRD/DVIEW/HCAMCXPRICAC0076?mainCC=a&cooperationcode=04287,Wavve 카드,Wavve 이용권 결제 할 땐 !,신용,"
Wavve 월 이용권

7,900원
청구할인
식음료

10%
청구할인
멤버십 구독

20%
청구할인","전월 실적 기준
전월 1일~말일(승인시점 기준) Wavve KB국민카드 일시불 및 할부 승인금액 기준(가족카드 포함)
해외 이용금액은 전월 1일~말일까지 일시불 매입 완료 기준
취소금액은 취소전표가 KB국민카드에 접수된 월의 실적에서 차감
전월 실적 제외 대상
Wavve KB국민카드로 할인 받은 이용건 (해당 이용금액 전체), 단기카드대출(현금서비스), 장기카드대출(카드론), 무이자할부, 상품권 및 선불카드(선불전자지급수단 포함) 구입/충전금액, 아파트관리비, 초/중/고 학교납입금 전체, 정부지원금(보육료/유치원보조비/바우처 이용금액 등), 대학(원)등록금, 각종 세금, 공과금(전기/수도), 4대 사회보험료(건강/연금/고용/산재), 각종 수수료 및 이자, 연체료, 연회비, 무승인전표(대중교통, 공항버스, 자판기, 터널이용료, 항공기내 이용 등), 취소금액
할인 서비스 제외 대상
무이자할부 이용금액, 상품권 및 선불카드(선불전자지급수단 포함) 구입·충전금액
해외 이용 확인 사항
해외 이용시(해외사이트 거래 포함) 미화(USD)기준 거래미화금액에 접수일의(KB국민은행) 최초 고시
전신환 매도율을 적용한 후,국제브랜드사가 부과하는 국제브랜드 수수료(K-WORLD(UPI) 0.8%, VISA 1.1%)와 KB국민카드가 부과하는 해외서비스 수수료(0.25%)를 포함하여 원화로 청구됩니다.이 경우 KB국민카드의 해외서비스 수수료는 국제 브랜드 수수료를 제외하고 산정됩니다.
해외 이용시 청구금액 산출방법
해외 이용시 청구금액 =(거래미화금액 x 전신환 매도율¹) + 국제 브랜드 수수료² + 해외서비스 수수료³
전신환 매도율 : 접수일의 KB국민은행 최초고시 전신환 매도율
국제브랜드수수료 = (거래미화금액 x 국제브랜드 이용수수료율) x 전신환 매도율
해외서비스수수료 = (거래미화금액 x 해외서비스 수수료율) x 전신환 매도율
해당 내용은 해외원화결제서비스(DCC)수수료가 없는 경우이며, 해외원화 결제서비스(DCC)이용 시
추가수수료가 발생할 수 있으니 유의하시기 바랍니다.
해외원화결제(DCC) 차단서비스 : [KB국민카드 홈페이지/모바일앱 > 서비스 > 해외이용서비스 > 해외원화결제차단서비스]","부가서비스 변경 안내
Wavve KB국민카드(2022.04.27 출시)를 이용하는 경우 제공되는 포인트 및 할인혜택 등의 부가서비스는 다음 각 호를 제외하고는 변경할 수 없습니다.(단, 회원의 권익을 증진하거나 부담을 완화하는 경우는 제외합니다.)
①
카드사의 휴업·파산·경영상의 위기 등에 따른 불가피한 경우
① 의 ② 제휴업체의 휴업·파산·경영상의 위기로 인해 불가피 하게 부가서비스를 축소·변경하는 경우로서 다른 제휴업체를 통해 동종의 유사한 부가서비스 제공이 불가한 경우
②
제휴업체가 카드사의 의사에 반하여 해당 부가서비스를 축소하거나 변경 시, 당초 부가서비스에 상응하는 다른 부가 서비스를 제공하는 경우
③
부가서비스를 3년 이상 제공한 상태에서 해당 부가 서비스로 인해 상품의 수익성이 현저히 낮아진 경우

카드사가 부가서비스를 변경하는 경우 변경 사유, 변경 내용 등을 사유발생 즉시 서면교부, 우편 또는 전자우편, 전화 또는 팩스, 휴대폰 메시지 또는 이에 준하는 전자적 의사표시 중 2가지 이상의 방법으로 고지하여 드립니다. 다만, 상기 3호의 경우 부가서비스 변경일 6개월 이전부터는 서면교부, 우편 또는 전자우편, 전화 또는 팩스, 휴대폰 메시지 또는 이에 준하는 전자적 의사표시 중 2가지 이상의 방법으로 매월 고지하여 드립니다.
가족카드 발급 관련 안내
가족카드 연회비는 별도로 청구되지 않으며, 가족카드 발급매수에는 제한이 없습니다.
가족카드 부가서비스 이용 조건 및 제공 범위는 본인회원 카드의 이용 조건 및 제공 범위와 동일하며 합산 관리됩니다.
가족카드 연말정산 시 가족카드 ‘신용카드 등 사용금액’은 가족카드 명의자(카드 앞(뒷)면에 표기된 이름)의 ‘신용카드 등 사용금액’으로 포함됩니다. 연간 소득금액기준은 국세청 기준에 따릅니다.
본인회원이 고객센터를 통해 가족회원 앞 SMS서비스 신청이 가능하며, 가족카드 이용대금은 본인회원 이용대금명세서에 합산 청구됩니다.(단, 가족카드 결제계좌를 별도로 운영하는 경우는 제외합니다.)
가족카드 이용금액에 따른 포인트는 본인회원의 포인트에 적립되어 관리되며, 본인회원이 고객센터 또는 홈페이지/모바일앱을 통해 신청 시 타 회원에게 양도 가능합니다. 단, 포인트 양도는 KB포인트리에 한해 이용이 가능합니다.
이혼, 사망, 파양 등 가족관계 변동 시에는 KB국민카드 고객센터 또는 영업점을 통해 가족관계 변동사실을 신고하여야 합니다.
가족관계가 변동이 되었음에도 가족카드를 정지 또는 해지하지 않은 경우 본인회원에게 의도하지 않은 카드사용 및 책임이 발생할 수 있습니다. 가족카드 정지 또는 해지는 KB국민카드 고객센터, 영업점, 홈페이지/모바일앱을 통해 처리 가능합니다.(홈페이지/모바일앱은 본인회원만 가능)
본인회원이 요청할 경우 가족회원의 동의 없이 가족카드가 한도감액·정지·해지될 수 있으며, 이 경우 즉시 그 사실을 본인회원과 가족회원에게 안내합니다.(단, 연락 가능한 휴대폰번호가 없는 경우는 제외합니다.)
개인회원 표준약관 제7조(카드이용정지) ①항의 사유로 본인회원 카드가 이용정지 되는 경우 가족카드도 정지가 되며, 본인회원의 카드 해지(탈회) 시 가족카드도 해지됩니다.
기타
Wavve KB국민카드 서비스는 대상 가맹점이 KB국민카드 업종분류 기준, 지정 업종으로 등록된 경우에 한하여 제공됩니다.
별도 전용 가맹점번호로 승인처리 되는 PG(결제대행)업체 또는 일부 간편결제(pay) 이용 시 할인 대상에서 제외 될 수 있습니다.
Wavve KB국민카드는 본인회원 기준으로 월간 할인한도가 제공되며, 적용 기간은 매월 1일~말일까지(승인시점 기준)입니다.
이용 순서대로 월간 한도 내 할인이 적용되며 잔여 할인한도는 이월되지 않습니다.
할인 받은 이용 건을 취소할 경우 취소전표가 실시간으로 접수되지 않아 할인한도가 즉시 복원되지 않을 수 있습니다.
결제계좌 개설기관의 영업 마감시간(16시) 이후 결제계좌에 입금된 금액에 대해서는 결제계좌 개설 기관의 사정에 따라 당일 출금되지 못하여 연체로 처리될 수 있으므로 유의하시기 바랍니다. 자동이체 업무 마감시간 이후 당사 홈페이지/모바일* 등에서 바로출금(즉시결제) 또는 가상계좌 입금(송금납부)을 통해 당일 결제가 가능합니다.
* 세부내용 : [KB국민카드 홈페이지 > MY KB > 바로출금결제 또는 가상계좌결제] 참조

카드 신청 전 상품설명서 및 약관을 반드시 확인하시기 바랍니다.
필요 이상의 신용카드 발급 및 사용은 개인신용평점이나 이용한도 등에 영향을 미칠 수 있습니다.
금융소비자는 금소법 제19조 제 1항에 따라 해당상품 또는 서비스에 대하여 설명을 받을 권리가 있으며, 그 설명을 듣고 내용을 충분히 이해한 후 거래하시기 바랍니다.
신용카드 발급이 부적정한 경우 (연체금 보유, 개인신용평점 낮음 등) 카드발급이 제한 될 수 있습니다.
카드 이용대금과 이에 수반되는 모든 수수료를 지정된 대금 결제일에 상환합니다.
상품 관련 세부 문의 : 홈페이지 (www.kbcard.com) 또는 고객센터 (1588-1688)
KB국민카드 디지털제휴영업부 kkgc20152@kbfg.com",
https://card.kbcard.com/CRD/DVIEW/HCAMCXPRICAC0076?mainCC=a&cooperationcode=04425,LG전자 KB국민카드,LG전자 베스트샵 가전제품 / 구독(렌탈)요금 할인!,신용,"라이트할부

1~1.5만원
할인
구독(렌탈)요금

1~1.5만원
청구할인","※ 라이트할부 할인과 구독(렌탈)요금 할인은 중복 적용되지 않습니다

전월 실적 기준
전월 1일 ~ 말일(승인시점기준) LG전자 KB국민카드 일시불 및 할부 승인(이용)금액
해외 이용금액은 전월 1일~말일까지 매입완료 기준
취소금액은 취소 전표가 당사에 접수된 월의 실적에서 차감
전월 이용실적 제외 대상
LG전자 KB국민카드로 구독(렌탈)요금 할인 받은 이용금액(해당 이용금액 전체), 무이자할부 이용금액, 단기카드대출(현금서비스), 장기카드대출(카드론), 각종 세금 및 공과금,정부지원금, 대학(원) 등록금, 각종 수수료 및 이자, 연체료,연회비, 상품권 및 선불카드 구입, 충전금액, 무승인전표(대중교통, 자판기, 터널이용료, 항공기 내 이용 등), 취소금액
가족카드 발급 관련 안내
가족카드 연회비는 별도로 청구되지 않으며, 가족카드 최대 발급 가능 매수는 별도 제한이 없습니다.
가족카드 부가서비스 이용 조건 및 제공 범위는 본인회원 카드의 이용 조건 및 제공 범위와 동일하며 합산 관리됩니다.
가족카드 연말정산 시 가족카드 ‘신용카드 등 사용금액’은 가족카드 명의자(카드 앞(뒷)면에 표기된 이름)의 ‘신용카드 등 사용금액’으로 포함됩니다. 연간 소득금액기준은 국세청 기준에 따릅니다.
본인회원이 고객센터를 통해 가족회원 앞 SMS서비스 신청이 가능하며, 가족카드 이용대금은 본인회원 이용대금명세서에 합산 청구 됩니다.(단, 가족카드 결제계좌를 별도로 운영하는 경우는 제외합니다.)
가족카드 이용금액에 따른 포인트는 본인회원의 포인트에 적립되어 관리되며, 본인회원이 고객센터 또는 홈페이지/모바일앱을 통해 신청 시 타 회원에게 양도 가능합니다. (단, 포인트 양도는 KB포인트리에 한해 이용이 가능합니다.)
이혼, 사망, 파양 등 가족관계 변동 시에는 KB국민카드 고객센터 또는 영업점을 통해 가족관계 변동사실을 신고하여야 합니다.
가족관계가 변동이 되었음에도 가족카드를 정지 또는 해지하지 않은 경우 본인회원에게 의도하지 않은 카드사용 및 책임이 발생할 수 있습니다. 가족카드 정지 또는 해지는 KB국민카드 고객센터, 영업점, 홈페이지/모바일앱을 통해 처리 가능합니다.(홈페이지/모바일앱은 본인회원만 가능)
본인회원이 요청할 경우 가족회원의 동의 없이 가족카드가 한도감액·정지·해지될 수 있으며, 이 경우 즉시 그 사실을 본인회원과 가족 회원에게 안내합니다.(단, 연락 가능한 휴대폰번호가 없는 경우는 제외합니다.)
개인회원 표준약관 제7조(카드이용정지) ①항의 사유로 본인회원 카드가 이용정지 되는 경우 가족카드도 정지가 되며, 본인회원의 카드 해지(탈회) 시 가족카드도 해지됩니다.
기타
취소금액은 취소 전표가 당사에 접수된 월의 이용실적에서 차감됩니다.
LG전자 KB국민카드는 본인 회원 기준으로 월간 할인한도가 제공되며, 할인한도는 매월 1일~말일까지(승인시점 기준) 이용금액으로 적용됩니다. 월간 잔여할인한도는 이월되지 않습니다.
할인 받은 이용 건을 취소할 경우 취소전표가 실시간 접수되지 않아 할인 한도가 즉시 복원되지 않을 수 있습니다.
LG전자 KB국민카드의 할인 서비스는 해당 가맹점이 KB국민카드의 가맹점 업종코드상 할인 대상 가맹점 업종으로 등록된 경우에 한하여 제공됩니다. PG(결제대행) 업체를 통한 결제 및 호텔, 백화점, 대형마트, 철도역사 등에 입점한 가맹점이나 상품권 구매 시 할인 대상에서 제외될 수 있습니다.
LG전자 KB국민카드는 기본 포인트리가 적립되지 않습니다. 단, KB국민카드 스타샵 가맹점에서 제공해드리는 포인트리는 적립됩니다.
결제계좌 개설기관의 영업 마감시간(16시) 이후 결제계좌에 입금된 금액에 대해서는 결제계좌 개설 기관의 사정에 따라 당일 출금되지 못하여 연체로 처리될 수 있으므로 유의하시기 바랍니다. 자동이체 업무 마감시간 이후 당사 홈페이지/모바일* 등에서 바로출금(즉시결제) 또는 가상계좌 입금(송금납부)을 통해 당일 결제가 가능합니다.
세부내용 : KB국민카드 홈페이지 > MY KB > 바로출금 또는 가상계좌 참조
해외 이용 확인 사항
해외 이용시(해외사이트 거래 포함) 미화(USD)기준 거래미화금액에 접수일의(KB국민은행) 최초 고시
전신환 매도율을 적용한 후, 국제브랜드사가 부과하는 국제브랜드 수수료(K-WORLD(JCB 타입) 1.0%,
Master 1.0%)와 KB국민카드가 부과하는 해외서비스 수수료(0.25%)를 포함하여 원화로 청구됩니다. 이 경우 KB국민카드의 해외서비스 수수료는 국제브랜드 수수료를 제외하고 산정됩니다.
해외 이용시 청구금액 산출방법
해외 이용시 청구금액 =(거래미화금액 x 전신환 매도율¹) + 국제 브랜드 수수료² + 해외서비스 수수료³
전신환 매도율 : 접수일의 KB국민은행 최초고시 전신환 매도율
국제브랜드수수료 = (거래미화금액 x 국제브랜드 이용수수료율) x 전신환 매도율
해외서비스수수료 = (거래미화금액 x 해외서비스 수수료율) x 전신환 매도율
K-WORLD (JCB) 브랜드는 2019.12.31까지 국제브랜드 수수료가 0.5% 할인됩니다.
( 단, 해외 이용 단기 카드대출(현금서비스)는 할인 제외)
해당 내용은 해외원화결제서비스(DCC)수수료가 없는 경우이며, 해외원화 결제서비스(DCC)이용 시
추가수수료가 발생할 수 있으니 유의하시기 바랍니다.
해외원화결제서비스(DCC) 차단 서비스: KB국민카드 홈페이지/모바일앱 > 서비스 > 해외이용서비스 > 해외원화결제 차단서비스","부가서비스 변경 안내
LG전자 KB국민카드(2018년 7월 20일 출시)를 이용하는 경우 제공되는 포인트 및 할인혜택 등의 부가서비스는 다음 각 호를 제외하고는 변경할 수 없습니다.(단, 회원의 권익을 증진하거나 부담을 완화하는 경우는 제외합니다)
1.
카드사의 휴업·파산·경영상의 위기 등에 따른 불가피한 경우
1-2.
제휴업체의 휴업·파산·경영상의 위기로 인해 불가피하게 부가서비스를 축소·변경하는 경우로서 다른 제휴업체를 통해 동종의 유사한 부가서비스 제공이 불가한 경우
2.
제휴업체가 카드사의 의사에 반하여 해당 부가서비스를 축소하거나 변경 시, 당초 부가서비스에 상응하는 다른 부가서비스를 제공하는 경우
3.
부가서비스를 3년 이상 제공한 상태에서 해당 부가서비스로 인해 상품의 수익성이 현저히 낮아진 경우
카드사가 부가서비스를 변경하는 경우 변경사유, 변경 내용 등을 사유발생 즉시 서면교부, 우편 또는 전자우편, 전화 또는 팩스, 휴대폰 메시지 또는 이에 준하는 전자적 의사표시 중 서로 다른 2가지 이상의 방법으로 고지하여 드립니다. 다만, 상기 3호의 경우 부가서비스 변경일 6개월 이전부터는 서면교부, 우편 또는 전자우편, 전화 또는 팩스, 휴대폰 메시지 또는 이에 준하는 전자적 의사표시 중 서로 다른 2가지 이상의 방법으로 매월 고지하여 드립니다.
카드 신청 전 상품설명서 및 약관을 반드시 확인하시기 바랍니다.
필요 이상의 신용카드 발급 및 사용은 개인신용평점이나 이용한도 등에 영향을 미칠 수 있습니다.
금융소비자는 금소법 제19조 제1항에 따라 해당상품 또는 서비스에 대하여 설명을 받을 권리가 있으며, 그 설명을 듣고 내용을 충분히 이해한 후 거래하시기 바랍니다.
신용카드 발급이 부적정한 경우(개인신용평점 낮음, 연체금 보유 등) 카드발급이 제한 될 수 있습니다.
카드이용대금과 이에 수반되는 모든 수수료를 지정된 대금 결제일에 상환합니다.
상품 관련 세부 사항은 홈페이지(www.kbcard.com) 참조 또는 고객센터 (☎1588-1688)로 문의하여 주시기 바랍니다.
KB국민카드 카드상품운영부 kkgc20037@kbfg.com",
https://card.kbcard.com/CRD/DVIEW/HCAMCXPRICAC0076?mainCC=a&cooperationcode=04325,쿠쿠렌탈Ⅱ카드,렌탈 요금 매월 할인 받는 방법!,신용,"렌탈료 자동납부

1.2/1.7만원
청구할인","전월 실적기준
전월 1일~말일(승인시점 기준) KB국민 쿠쿠렌탈Ⅱ 카드 일시불 및 할부 승인(이용)금액 기준(가족카드 포함)
해외 이용금액은 전월 1일~말일까지 일시불 매입 완료 기준
취소금액은 취소전표가 당사에 접수된 월의 실적에서 차감
전월 실적 제외 대상
KB국민 쿠쿠렌탈Ⅱ카드로 할인받은 이용건(해당 이용금액 전체), 무이자할부 이용금액, 단기카드대출(현금서비스), 장기카드대출(카드론), 각종 세금 및 공과금, 아파트관리비, 정부지원금(보육료/유치원보조비/바우처 이용금액 등), 대학(원)등록금, 각종 수수료 및 이자, 연체료, 연회비, 상품권 및 선불카드(선불전자지급수단 포함) 구입·충전금액, 무승인전표(대중교통, 공항버스, 자판기, 터널이용료, 항공기내 이용 등), 취소금액
할인제외 대상
무이자할부 이용금액, 상품권 및 선불카드(선불전자지급수단 포함) 구입·충전금액
기타
KB국민 쿠쿠렌탈Ⅱ카드 서비스는 대상 가맹점이 KB국민카드 업종분류 기준, 지정 업종으로 등록된 경우에 한하여 제공됩니다.
별도 전용 가맹점번호로 승인처리 되는 PG(결제대행)업체 또는 일부 간편결제(pay) 이용 시 할인 대상에서 제외 될 수 있습니다.
KB국민 쿠쿠렌탈Ⅱ카드는 본인 회원 기준으로 월간 할인한도가 제공되며 할인한도는 매월 1일~말일까지(승인시점기준)입니다.
이용 순서대로 월간 한도 내 할인이 적용되며, 월간 잔여 할인한도는 이월되지 않습니다.
할인 받은 이용 건을 취소할 경우 취소전표가 실시간으로 접수되지 않아 할인한도가 즉시 복원되지 않을 수 있습니다.
결제계좌 개설기관의 영업 마감시간(16시) 이후 결제계좌에 입금된 금액에 대해서는 결제계좌 개설 기관의 사정에 따라 당일 출금되지 못하여 연체로 처리될 수 있으므로 유의하시기 바랍니다. 자동이체 업무 마감시간 이후 당사 홈페이지/모바일* 등에서 바로출금(즉시결제) 또는 가상계좌 입금(송금납부)을 통해 당일 결제가 가능합니다.
세부내용 : KB국민카드 홈페이지 > MY KB > 바로출금결제 또는 가상계좌결제 참조
해외 이용 확인 사항
해외 이용시(해외사이트 거래 포함) 미화(USD)기준 거래미화금액에 접수일의(KB국민은행) 최초 고시
전신환매도율을 적용한 후, 국제브랜드사가 부과하는 국제브랜드 수수료(K-WORLD(JCB) 1%, Master 1%)와 KB국민카드가 부과하는 해외서비스 수수료(0.25%)를 포함하여 원화로 청구됩니다. 이 경우 KB국민카드의 해외서비스 수수료는 국제브랜드 수수료를 제외하고 산정됩니다.
해외 이용시 청구금액 산출방법
해외 이용시 청구금액 =(거래미화금액 x 전신환 매도율¹) + 국제 브랜드 수수료² + 해외서비스 수수료³
전신환 매도율 : 접수일의 KB국민은행 최초고시 전신환 매도율
국제브랜드수수료 = (거래미화금액 x 국제브랜드 이용수수료율) x 전신환 매도율
해외서비스수수료 = (거래미화금액 x 해외서비스 수수료율) x 전신환 매도율
해당 내용은 해외원화결제서비스(DCC)수수료가 없는 경우이며, 해외원화 결제서비스(DCC)이용 시
추가수수료가 발생할 수 있으니 유의하시기 바랍니다.
해외원화결제서비스(DCC)차단서비스: KB국민카드 홈페이지/모바일> 서비스>해외이용서비스>해외원화결제차단 서비스","부가서비스 변경 안내
KB국민 쿠쿠렌탈Ⅱ카드(2021.03.10 출시)를 이용하는 경우 제공되는 포인트 및 할인혜택 등의 부가서비스는 다음 각 호를 제외하고는 변경할 수 없습니다. (단, 회원의 권익을 증진하거나 부담을 완화하는 경우는 제외합니다)
①
카드사의 휴업, 파산, 경영상의 위기 등에 따른 불가피한 경우
①
의⑵ 제휴업체의 휴업, 파산, 경영상의 위기로 인해 불가피하게 부가서비스를 축소,변경하는 경우로서 다른 제휴업체를 통해 동종의 유사한 부가서비스 제공이 불가한 경우
②
제휴업체가 카드사의 의사에 반하여 해당 부가서비스를 축소하거나 변경 시, 당초 부가서비스에 상응하는 다른 부가서비스를 제공하는 경우
③
부가서비스를 3년 이상 제공한 상태에서 해당 부가서비스로 인해 상품의 수익성이 현저히 낮아진 경우
카드사가 부가서비스를 변경하는 경우 변경 사유, 변경 내용 등을 사유발생 즉시 서면교부, 우편 또는 전자우편, 전화 또는 팩스, 휴대폰 메시지 또는 이에 준하는 전자적 의사표시 중 2가지 이상의 방법으로 고지하여 드립니다. 다만, 상기 3호의 경우 부가서비스 변경일 6개월 이전부터는 서면교부, 우편 또는 전자우편, 전화 또는 팩스, 휴대폰 메시지 또는 이에 준하는 전자적 의사표시 중 2가지 이상의 방법으로 매월 고지하여 드립니다.
가족카드 발급 관련 안내
가족카드 연회비는 각 상품별 연회비 부과 기준을 따르며, 가족카드 최대 발급매수에는 제한이 없습니다.
가족카드 부가서비스 이용조건 및 제공 범위는 본인회원 카드의 이용조건 및 제공 범위와 동일하며 합산 관리됩니다.
가족카드 연말정산 시 가족카드 신용카드 등 사용금액은 가족카드 명의자(카드 앞(뒤)면에 표기된 이름)의 신용카드등 사용금액으로 포함됩니다. 연간 소득금액기준은 국세청 기준에 따릅니다.
본인회원이 고객센터를 통해 가족회원 앞 SMS서비스 신청이 가능하며, 가족카드 이용대금은 본인회원 이용대금명세서에 합산 청구됩니다. (단, 가족카드 결제계좌를 별도로 운영하는 경우는 제외합니다.)
가족카드 이용금액에 따른 포인트는 본인회원의 포인트에 적립되어 관리되며, 본인회원이 고객센터 또는 홈페이지/모바일앱을 통해 신청 시 타 회원에게 양도 가능합니다. 단, 포인트 양도는 KB포인트리에 한해 이용이 가능합니다.
이혼, 사망, 파양 등 가족관계 변동 시에는 KB국민카드 고객센터 또는 영업점을 통해 가족관계 변동사실을 신고하여야 합니다.
가족관계가 변동되었음에도 가족카드를 정지(또는 해지)시키지 않아 의도하지 않은 카드사용이 발생한 경우 그 책임은 본인회원이 부담합니다.가족카드 정지(또는 해지)는 KB국민카드 고객센터, 영업점, 홈페이지/모바일앱을 통해 처리가능합니다.(홈페이지/모바일앱은 본인회원만 가능)
본인회원이 요청할 경우 가족회원의 동의없이 가족카드가 한도감액·정지·해지될 수 있으며, 이 경우 즉시 그 사실을 본인회원과 가족회원에게 안내합니다.(단, 연락가능한 휴대폰번호가 없는 경우는 제외합니다.)
개인회원 표준약관 제7조(카드이용정지) ①항의 사유로 본인회원 카드가 이용정지 되는 경우 가족카드도 정지가 되며, 본인회원의 카드 해지(탈회) 시 가족카드도 해지됩니다.



카드 신청 전 상품설명서 및 약관을 반드시 확인하시기 바랍니다.
필요 이상의 신용카드 발급 및 사용은 개인신용평점이나 이용한도 등에 영향을 미칠 수 있습니다.
금융소비자는 금소법 제19조 제1항에 따라 해당상품 또는 서비스에 대하여 설명을 받을 권리가 있으며, 그 설명을 듣고 내용을 충분히 이해한 후 거래하시기 바랍니다.
신용카드 발급이 부적정한 경우(개인신용평점 낮음, 연체금 보유 등) 카드발급이 제한 될 수 있습니다.
카드이용대금과 이에 수반되는 모든 수수료를 지정된 대금 결제일에 상환합니다.
상품 관련 세부 문의 : 홈페이지(www.kbcard.com) 또는 고객센터(☎1588-1688)
KB국민카드 디지털제휴영업부 kkgc20152@kbfg.com",
https://card.kbcard.com/CRD/DVIEW/HCAMCXPRICAC0076?mainCC=a&cooperationcode=04331,세라젬 KB국민카드,렌탈 요금 매월 할인 받는 방법!,신용,"렌탈료 자동납부

1.2/1.7만원
청구할인","전월 실적기준
전월 1일~말일(승인시점 기준) 세라젬 KB국민카드 일시불 및 할부 승인(이용)금액 기준(가족카드 포함)
해외 이용금액은 전월 1일~말일까지 일시불 매입완료 기준
취소금액은 취소 전표가 당사에 접수된 월의 실적에서 차감
전월 실적 제외 대상
세라젬 KB국민카드로 할인받은 이용건(해당 이용금액 전체), 무이자할부 이용금액, 단기카드대출(현금서비스), 장기카드대출(카드론), 각종 세금 및 공과금, 아파트관리비, 정부지원금(보육료/유치원보조비/바우처 이용금액 등), 대학(원)등록금, 각종 수수료 및 이자, 연체료, 연회비, 상품권 및 선불카드(선불전자지급수단 포함) 구입·충전금액, 무승인전표(대중교통, 공항버스, 자판기, 터널이용료, 항공기내 이용 등), 취소금액
할인제외 대상
무이자할부 이용금액, 상품권 및 선불카드(선불전자지급수단 포함) 구입·충전금액
기타
세라젬 KB국민카드 서비스는 대상 가맹점이 KB국민카드 업종분류 기준, 지정 업종으로 등록된 경우에 한하여 제공됩니다.
별도 전용 가맹점번호로 승인처리 되는 PG(결제대행)업체 또는 일부 간편결제(pay) 이용 시 할인 대상에서 제외 될 수 있습니다.
세라젬 KB국민카드는 본인 회원 기준으로 월간 할인한도가 제공되며, 적용 기간은 매월 1일~말일까지(승인시점 기준)입니다.
이용 순서대로 월간 한도 내 할인이 적용되며, 월간 잔여 할인한도는 이월되지 않습니다.
할인 받은 이용 건을 취소할 경우 취소전표가 실시간으로 접수되지 않아 할인한도가 즉시 복원되지 않을 수 있습니다.
결제계좌 개설기관의 영업 마감시간(16시) 이후 결제계좌에 입금된 금액에 대해서는 결제계좌 개설 기관의 사정에 따라 당일 출금되지 못하여 연체로 처리될 수 있으므로 유의하시기 바랍니다. 자동이체 업무 마감시간 이후 당사 홈페이지/모바일* 등에서 바로출금(즉시결제) 또는 가상계좌 입금(송금납부)을 통해 당일 결제가 가능합니다.
세부내용 : KB국민카드 홈페이지 > MY KB > 바로출금결제 또는 가상계좌결제 참조
해외 이용 확인 사항
해외 이용 시(해외사이트 거래 포함) 미화(USD)기준 거래미화금액에 접수일의(KB국민은행) 최초 고시
전신환매도율을 적용한 후, 국제브랜드사가 부과하는 국제브랜드 수수료(K-WORLD(JCB) 1%, Master 1%)와 KB국민카드가 부과하는 해외서비스 수수료(0.25%)를 포함하여 원화로 청구됩니다. 이 경우 KB국민카드의 해외서비스 수수료는 국제브랜드 수수료를 제외하고 산정됩니다.
해외 이용 시 청구금액 산출방법
해외 이용 시 청구금액 = (거래미화금액 x 전신환매도율¹) + 국제브랜드 수수료² + 해외서비스 수수료³
전신환매도율 : 접수일의 KB국민은행 최초 고시 전신환매도율
국제브랜드 수수료 = (거래미화금액 x 국제브랜드 이용수수료율) x 전신환매도율
해외서비스 수수료 = (거래미화금액 x 해외서비스 수수료율) x 전신환매도율
해당 내용은 해외원화결제서비스(DCC) 수수료가 없는 경우이며, 해외원화결제서비스(DCC) 이용 시
추가 수수료가 발생할 수 있으니 유의하시기 바랍니다.
해외원화결제서비스(DCC) 차단서비스 : KB국민카드 홈페이지/모바일 > 서비스 > 해외이용서비스 > 해외원화결제 차단서비스","부가서비스 변경 안내
세라젬 KB국민카드(2021.03.24 출시)를 이용하는 경우 제공되는 포인트 및 할인혜택 등의 부가서비스는 다음 각 호를 제외하고는 변경할 수 없습니다. (단, 회원의 권익을 증진하거나 부담을 완화하는 경우는 제외합니다)
①
카드사의 휴업, 파산, 경영상의 위기 등에 따른 불가피한 경우
①
의⑵ 제휴업체의 휴업, 파산, 경영상의 위기로 인해 불가피하게 부가서비스를 축소,변경하는 경우로서 다른 제휴업체를 통해 동종의 유사한 부가서비스 제공이 불가한 경우
②
제휴업체가 카드사의 의사에 반하여 해당 부가서비스를 축소하거나 변경 시, 당초 부가서비스에 상응하는 다른 부가서비스를 제공하는 경우
③
부가서비스를 3년 이상 제공한 상태에서 해당 부가서비스로 인해 상품의 수익성이 현저히 낮아진 경우
카드사가 부가서비스를 변경하는 경우 변경 사유, 변경 내용 등을 사유발생 즉시 서면교부, 우편 또는 전자우편, 전화 또는 팩스, 휴대폰 메시지 또는 이에 준하는 전자적 의사표시 중 2가지 이상의 방법으로 고지하여 드립니다. 다만, 상기 3호의 경우 부가서비스 변경일 6개월 이전부터는 서면교부, 우편 또는 전자우편, 전화 또는 팩스, 휴대폰 메시지 또는 이에 준하는 전자적 의사표시 중 2가지 이상의 방법으로 매월 고지하여 드립니다.
가족카드 발급 관련 안내
가족카드 연회비는 별도로 청구되지 않으며, 가족카드 발급매수에는 제한이 없습니다.
가족카드 부가서비스 이용 조건 및 제공 범위는 본인회원 카드의 이용 조건 및 제공 범위와 동일하며 합산 관리됩니다.
가족카드 연말정산 시 가족카드 신용카드 등 사용금액은 가족카드 명의자(카드 앞(뒤)면에 표기된 이름)의 신용카드 등 사용금액으로 포함됩니다. 연간 소득금액기준은 국세청 기준에 따릅니다.
본인회원이 고객센터를 통해 가족회원 앞 SMS서비스 신청이 가능하며, 가족카드 이용대금은 본인회원 이용대금명세서에 합산 청구됩니다.(단, 가족카드 결제계좌를 별도로 운영하는 경우는 제외합니다.)
가족카드 이용금액에 따른 포인트는 본인회원의 포인트에 적립되어 관리되며, 본인회원이 고객센터 또는 홈페이지/모바일앱을 통해 신청 시 타 회원에게 양도 가능합니다. 단, 포인트 양도는 KB포인트리에 한해 이용이 가능합니다.
이혼, 사망, 파양 등 가족관계 변동 시에는 KB국민카드 고객센터 또는 영업점을 통해 가족관계 변동사실을 신고하여야 합니다.
가족관계가 변동이 되었음에도 가족카드를 정지 또는 해지하지 않은 경우 본인회원에게 의도하지 않은 카드사용 및 책임이 발생할 수 있습니다. 가족카드 정지 또는 해지는 KB국민카드 고객센터, 영업점, 홈페이지/모바일앱을 통해 처리 가능합니다.(홈페이지/모바일앱은 본인회원만 가능)
본인회원이 요청할 경우 가족회원의 동의 없이 가족카드가 한도감액·정지·해지될 수 있으며, 이 경우 즉시 그 사실을 본인회원과 가족회원에게 안내합니다.(단, 연락 가능한 휴대폰번호가 없는 경우는 제외합니다.)
개인회원 표준약관 제7조(카드이용정지) ①항의 사유로 본인회원 카드가 이용정지 되는 경우 가족카드도 정지가 되며, 본인회원의 카드 해지(탈회) 시 가족카드도 해지됩니다.



카드 신청 전 상품설명서 및 약관을 반드시 확인하시기 바랍니다.
필요 이상의 신용카드 발급 및 사용은 개인신용평점이나 이용한도 등에 영향을 미칠 수 있습니다.
금융소비자는 금소법 제19조 제1항에 따라 해당상품 또는 서비스에 대하여 설명을 받을 권리가 있으며, 그 설명을 듣고 내용을 충분히 이해한 후 거래하시기 바랍니다.
신용카드 발급이 부적정한 경우(개인신용평점 낮음, 연체금 보유 등) 카드발급이 제한 될 수 있습니다.
카드이용대금과 이에 수반되는 모든 수수료를 지정된 대금 결제일에 상환합니다.
상품 관련 세부 문의 : 홈페이지(www.kbcard.com) 또는 고객센터(☎1588-1688)
KB국민카드 디지털제휴영업부 kkgc20152@kbfg.com",
https://card.kbcard.com/CRD/DVIEW/HCAMCXPRICAC0076?mainCC=a&cooperationcode=04485,예다함 카드,품격있는 상조서비스를 KB로 만납니다.,신용,"
예다함 상조부금

1.2~1.7만원
청구할인","필수 확인사항
전월 실적 산정기준
전월 1일 ~ 말일(승인시점기준) 예다함 카드 일시불 및 할부 승인(이용) 금액 (해외 이용금액 은 전월 1일~말일까지 매입완료 기준)
전월 실적 제외 대상
예다함 카드로 할인받은 이용금액 (해당이용금액 전체), 무이자할부이용금액, 단기카드 대출 (현금서비스), 장기카드대출(카드론), 각종 세금 및 공과금, 아파트관리비, 정부지원금, 대학(원)등록금, 각종 수수료 및 이자, 연체료, 연회비, 상품권 및 선불카드 구입/충전금액, 무승인전표(대중교통, 자판기, 터널 이용료, 항공기내 이용 등), 취소금액
할인 제외 대상
무이자할부 이용금액, 상품권 및 선불카드 구입/충전금액
기타
예다함 카드는 본인 회원 기준으로 월간 할인한도가 제공되며, 할인한도는 매월 1일~말일까지(승인시점 기준) 이용금액으로 적용됩니다. 월간 잔여할인한도는 이월되지 않습니다.
할인 받은 이용 건을 취소할 경우 취소전표가 실시간 접수되지 않아 할인 한도가 즉시 복원되지 않을 수 있습니다.
예다함 카드의 할인서비스는 해당 가맹점이 KB국민카드의 가맹점 업종코드상 할인 대상 가맹점 업종으로 등록된 경우에 한하여 제공됩니다.
예다함 카드는 기본 포인트리가 적립되지 않습니다. 단, KB국민카드 스타샵 가맹점에서 제공해드리는 포인트리는 적립됩니다.
결제계좌 개설기관의 영업 마감시간(16시) 이후 결제계좌에 입금된 금액에 대해서는 결제계좌 개설 기관의 사정에 따라 당일 출금되지 못하여 연체로 처리될 수 있으므로 유의하시기 바랍니다. 자동이체 업무 마감시간 이후 당사 홈페이지/모바일* 등에서 바로출금(즉시결제) 또는 가상계좌 입금(송금납부)을 통해 당일 결제가 가능합니다.
세부내용 : KB국민카드 홈페이지 > MY KB > 바로출금 또는 가상계좌 참조
해외 이용 확인 사항
해외 이용시(해외사이트 거래 포함) 미화(USD)기준 거래미화금액에 접수일의(KB국민은행) 최초 고시
전신환 매도율을 적용한 후, 국제브랜드사가 부과하는 국제브랜드 수수료(K-WORLD(JCB 타입) 1.0%,
Master 1.0%)와 KB국민카드가 부과하는 해외서비스 수수료(0.25%)를 포함하여 원화로 청구됩니다.이 경우 KB국민카드의 해외서비스 수수료는 국제 브랜드 수수료를 제외하고 산정됩니다.
해외 이용시 청구금액 산출방법
해외 이용시 청구금액 =(거래미화금액 x 전신환 매도율¹) + 국제 브랜드 수수료² + 해외서비스 수수료³
전신환 매도율 : 접수일의 KB국민은행 최초고시 전신환 매도율
국제브랜드수수료 = (거래미화금액 x 국제브랜드 이용수수료율) x 전신환 매도율
해외서비스수수료 = (거래미화금액 x 해외서비스 수수료율) x 전신환 매도율
K-WORLD (JCB) 브랜드는 2019.12.31까지 국제브랜드 수수료가 0.5% 할인됩니다.
( 단, 해외 이용 단기 카드대출(현금서비스)는 할인 제외)
해당 내용은 해외원화결제서비스(DCC)수수료가 없는 경우이며, 해외원화 결제서비스(DCC)이용 시
추가수수료가 발생할 수 있으니 유의하시기 바랍니다.","부가서비스 변경 안내
KB국민 예다함 카드(2018.03.02 출시)를 이용하는 경우 제공되는 포인트 및 할인혜택 등의 부가서비스는 다음 각 호를 제외하고는 변경할 수 없습니다. (단, 회원의 권익을 증진하거나 부담을 완화하는 경우는 제외합니다)
①
카드사의 휴업, 파산, 경영상의 위기 등에 따른 불가피한 경우
①
의⑵ 제휴업체의 휴업, 파산, 경영상의 위기로 인해 불가피하게 부가서비스를 축소,변경하는 경우로서 다른 제휴업체를 통해 동종의 유사한 부가서비스 제공이 불가한 경우
②
제휴업체가 카드사의 의사에 반하여 해당 부가서비스를 축소하거나 변경 시, 당초 부가서비스에 상응하는 다른 부가서비스를 제공하는 경우
③
부가서비스를 3년 이상 제공한 상태에서 해당 부가서비스로 인해 상품의 수익성이 현저히 낮아진 경우
카드사가 부가서비스를 변경하는 경우 변경 사유, 변경 내용 등을 사유발생 즉시 서면교부, 우편 또는 전자우편, 전화 또는 팩스, 휴대폰 메시지 또는 이에 준하는 전자적 의사표시 중 2가지 이상의 방법으로 고지하여 드립니다. 다만, 상기 3호의 경우 부가서비스 변경일 6개월 이전부터는 서면교부, 우편 또는 전자우편, 전화 또는 팩스, 휴대폰 메시지 또는 이에 준하는 전자적 의사표시 중 2가지 이상의 방법으로 매월 고지하여 드립니다.
공통 확인사항
카드 신청 전 상품설명서 및 약관을 반드시 확인하시기 바랍니다.
필요 이상의 신용카드 발급 및 사용은 개인신용평점이나 이용한도 등에 영향을 미칠 수 있습니다.
금융소비자는 금소법 제19조 제1항에 따라 해당상품 또는 서비스에 대하여 설명을 받을 권리가 있으며, 그 설명을 듣고 내용을 충분히 이해한 후 거래하시기 바랍니다.
신용카드 발급이 부적정한 경우(개인신용평점 낮음, 연체금 보유 등) 카드발급이 제한 될 수 있습니다.
카드이용대금과 이에 수반되는 모든 수수료를 지정된 대금 결제일에 상환합니다.
상품 관련 세부 사항은 홈페이지(www.kbcard.com) 참조 또는 고객센터 (☎ 1588-1688)로 문의하여 주시기 바랍니다.
KB국민카드 디지털제휴영업부 kkgc20152@kbfg.com",
https://card.kbcard.com/CRD/DVIEW/HCAMCXPRICAC0076?mainCC=a&cooperationcode=04345,딜라이브 카드,딜라이브 자동납부 요금 매월 할인 받는 방법!,신용,"딜라이브 자동납부요금

1만2천원 / 1만7천원
청구할인","전월 이용실적 기준
전월 1일~말일(승인시점 기준) KB국민 딜라이브 카드 일시불 및 할부 승인(이용)금액 기준(가족카드 포함)
해외 이용금액은 전월 1일~말일까지 일시불 매입 완료 기준
취소금액은 취소전표가 KB국민카드에 접수된 월의 실적에서 차감
전월 이용실적 제외 대상
KB국민 딜라이브 카드로 할인 받은 이용건 (해당 이용금액 전체), 무이자할부 이용금액, 단기카드대출(현금서비스), 장기카드대출(카드론), 아파트관리비, 초/중/고 학교납입금 전체, 정부지원금(보육료/유치원보조비/바우처 이용금액 등), 대학(원)등록금, 각종 세금, 공과금(전기/수도), 각종 수수료 및 이자, 연체료, 연회비, 상품권 및 선불카드(선불전자지급수단 포함) 구입/충전금액, 무승인전표 (대중교통, 공항버스, 자판기, 터널이용료, 항공기내 이용 등), 취소금액
할인 제외 대상
무이자할부 이용금액(부분 무이자 포함), 상품권 및 선불카드(선불전자지급수단 포함) 구입·충전금액
해외 이용 확인 사항
해외 이용 시(해외사이트 거래 포함) 미화(USD)기준 거래미화금액에 접수일의(KB국민은행) 최초 고시 전신환 매도율을 적용한 후, 국제브랜드사가 부과하는 국제브랜드 수수료(K-WORLD(JCB) 1.0%, Master 1.0%)와 KB국민카드가 부과하는 해외서비스 수수료(0.25%)를 포함하여 원화로 청구됩니다.
이 경우 KB국민카드의 해외서비스 수수료는 국제브랜드 수수료를 제외하고 산정됩니다.
해외 이용 시 청구금액 산출방법
해외 이용 시 청구금액 = (거래미화금액 x 전신환매도율¹) + 국제브랜드 수수료² + 해외서비스 수수료³
전신환매도율: 접수일의 KB국민은행 최초고시 전신환매도율
국제브랜드수수료 = (거래미화금액 x 국제브랜드 이용수수료율) x 전신환매도율
해외서비스수수료 = (거래미화금액 x 해외서비스 수수료율) x 전신환매도율

해당 내용은 해외원화결제서비스(DCC)수수료가 없는 경우이며, 해외원화결제서비스(DCC)이용 시 추가 수수료가 발생할 수 있으니 유의하시기 바랍니다.
*해외원화결제서비스(DCC)차단: [KB국민카드 홈페이지/모바일> 서비스>해외이용서비스>해외원화결제차단서비스]
부가서비스 변경 안내
KB국민 딜라이브 카드(2022.07.15 출시)를 이용하는 경우 제공되는 포인트 및 할인혜택 등의 부가서비스는 다음 각 호를 제외하고는 변경할 수 없습니다. (단, 회원의 권익을 증진하거나 부담을 완화하는 경우는 제외합니다)
①
카드사의 휴업, 파산, 경영상의 위기 등에 따른 불가피한 경우
①
의⑵ 제휴업체의 휴업, 파산, 경영상의 위기로 인해 불가피하게 부가서비스를 축소,변경하는 경우로서 다른 제휴업체를 통해 동종의 유사한 부가서비스 제공이 불가한 경우
②
제휴업체가 카드사의 의사에 반하여 해당 부가서비스를 축소하거나 변경 시, 당초 부가서비스에 상응하는 다른 부가서비스를 제공하는 경우
③
부가서비스를 3년 이상 제공한 상태에서 해당 부가서비스로 인해 상품의 수익성이 현저히 낮아진 경우
카드사가 부가서비스를 변경하는 경우 변경 사유, 변경 내용 등을 사유 발생 즉시 서면 교부, 우편 또는 전자우편, 전화 또는 팩스, 문자메시지(SMS)또는 이에 준하는 전자적 의사표시 중 두 가지 이상의 방법으로 연락 드립니다.
다만, 상기 3호의 경우 부가서비스 변경일 6개월 이전부터는 서면 교부, 우편 또는 전자우편, 전화 또는 팩스, 문자메시지(SMS) 또는 이에 준하는 전자적 의사표시 중 두 가지 이상의 방법으로 매월 고지하여 드립니다.","가족카드 발급 관련 안내
가족카드 연회비는 별도로 청구되지 않으며, 가족카드 발급매수에는 제한이 없습니다.
가족카드 부가서비스 이용 조건 및 제공 범위는 본인회원 카드의 이용 조건 및 제공 범위와 동일하며 합산 관리됩니다.
가족카드 연말정산 시 가족카드 신용카드 등 사용금액은 가족카드 명의자(카드 앞(뒤)면에 표기된 이름)의 신용카드 등 사용금액으로 포함됩니다. 연간 소득금액기준은 국세청 기준에 따릅니다.
본인회원이 고객센터를 통해 가족회원 앞 SMS서비스 신청이 가능하며, 가족카드 이용대금은 본인회원 이용대금명세서에 합산 청구됩니다.(단, 가족카드 결제계좌를 별도로 운영하는 경우는 제외합니다.)
가족카드 이용금액에 따른 포인트는 본인회원의 포인트에 적립되어 관리되며, 본인회원이 고객센터 또는 홈페이지/모바일앱을 통해 신청 시 타 회원에게 양도 가능합니다. 단, 포인트 양도는 포인트리에 한해 이용이 가능합니다.
이혼, 사망, 파양 등 가족관계 변동 시에는 KB국민카드 고객센터 또는 영업점을 통해 가족관계 변동사실을 신고하여야 합니다.
가족관계가 변동이 되었음에도 가족카드를 정지 또는 해지하지 않은 경우 본인회원에게 의도하지 않은 카드사용 및 책임이 발생할 수 있습니다 . 가족카드 정지 또는 해지는 KB국민카드 고객센터, 영업점, 홈페이지/모바일앱을 통해 처리 가능 합니다.(홈페이지/모바일앱은 본인회원만 가능)
본인회원이 요청할 경우 가족회원의 동의 없이 가족카드가 한도감액·정지·해지될 수 있으며, 이 경우 즉시 그 사실을 본인회원과 가족회원에게 안내합니다.(단, 연락 가능한 휴대폰번호가 없는 경우는 제외합니다.)
개인회원 표준약관 제7조(카드이용정지) ①항의 사유로 본인회원 카드가 이용정지 되는 경우 가족카드도 정지가 되며, 본인회원의 카드 해지(탈회) 시 가족카드도 해지됩니다.
기타
KB국민 딜라이브 카드 서비스는 대상 가맹점이 KB국민카드 업종분류 기준, 지정 업종으로 등록된 경우에 한하여 제공됩니다.
별도 전용 가맹점번호로 승인처리 되는 PG(결제대행)업체 또는 일부 간편결제(pay) 이용 시 할인 대상에서 제외 될 수 있습니다.
KB국민 딜라이브 카드는 본인 회원 기준으로 월간 할인 한도가 제공되며 적용 기간은 매월 1일~말일까지(승인시점 기준)입니다.
이용 순서대로 월간 한도 내 할인이 적용되며, 월간 잔여 할인한도는 이월되지 않습니다.
할인 받은 이용 건을 취소할 경우 취소 전표가 실시간으로 접수되지 않아 할인 한도가 즉시 복원되지 않을 수 있습니다.
결제계좌 개설기관의 영업 마감시간(16시) 이후 입금된 금액은 결제계좌 개설 기관의 사정에 따라 당일 출금되지 못하여 연체로 처리될 수 있습니다. 자동이체 업무 마감시간 이후 KB국민카드 홈페이지/모바일앱에서 바로출금 또는 가상계좌 입금으로 당일 결제할 수 있습니다.
* 세부내용: [KB국민카드 홈페이지 > MY KB > 바로출금결제 또는 가상계좌결제] 참조

카드 신청 전 상품설명서 및 약관을 반드시 확인하시기 바랍니다.
필요 이상의 신용카드 발급 및 사용은 개인신용평점이나 이용한도 등에 영향을 미칠 수 있습니다.
금융소비자는 금소법 제 19조 제 1항에 따라 해당 상품 또는 서비스에 대하여 설명을 받을 권리가 있으며, 그 설명을 듣고 내용을 충분히 이해한 후 거래하시기 바랍니다.
신용카드 발급이 부적정한 경우(개인신용평점 낮음, 연체금보유 등) 카드 발급이 제한 될 수 있습니다.
카드이용대금과 이에 수반되는 모든 수수료를 지정된 대금 결제일에 상환합니다.
상품 관련 세부 사항은 KB국민카드 홈페이지(www.kbcard.com) 또는 KB국민카드 고객센터(1588-1688)로 문의하여 주시기 바랍니다.
KB국민카드 디지털제휴영업부 kkgc20152@kbfg.com",
https://card.kbcard.com/CRD/DVIEW/HCAMCXPRICAC0076?mainCC=a&cooperationcode=04324,알뜰폰 Hub Ⅱ 카드,알뜰폰 통신비를 더 알뜰하게 절약하는 방법!,신용,"
알뜰폰 통신요금 자동이체

1.2/1.7만원
청구할인","이용 실적기준
전월 1일 ~ 말일 (승인시점 기준) KB국민 알뜰폰 Hub II 카드 일시불 및 할부 승인(이용)금액 기준 (가족카드 포함)
해외 이용금액은 전월 1일~말일까지 일시불 매입 완료 기준
취소금액은 취소 전표가 당사에 접수된 월의 실적에서 차감
이용실적 제외 대상
KB국민 알뜰폰 Hub II 카드로 할인 받은 이용건 (해당 이용금액 전체), 무이자할부 이용금액, 단기카드대출(현금서비스), 장기카드대출(카드론), 각종 세금 및 공과금, 아파트관리비, 정부지원금(보육료/유치원보조비/바우처 이용금액 등), 대학(원)등록금, 각종 수수료 및 이자, 연체료, 연회비, 상품권 및 선불카드(선불전자지급수단 포함) 구입/충전금액, 무승인전표(대중교통, 공항버스, 자판기, 터널이용료, 항공기내 이용 등), 취소금액
할인 제외 대상
무이자할부 이용금액, 상품권 및 선불카드(선불전자지급수단 포함)구입·충전금액
실적유예기간 적용
최초 카드 사용등록일로부터 다음달 말일까지 전월 이용실적이 없어도 전월 실적 1구간에 해당하는 서비스 및 한도가제공됩니다.
기타
KB국민 알뜰폰 Hub II 카드 서비스는 대상 가맹점이 KB국민카드 업종분류 기준, 지정 업종으로 등록된 경우에 한하여 제공됩니다.
별도 전용 가맹점번호로 승인처리 되는 PG(결제대행)업체 또는 일부 간편결제(pay) 이용 시 할인 대상에서 제외 될 수 있습니다.
KB국민 알뜰폰 Hub Ⅱ카드는 본인회원 기준으로 월간 할인한도가 제공되며, 적용 기간은 매월 1일~말일까지(승인시점 기준)입니다.
이용 순서대로 월간 한도 내 할인이 적용되며 월간 잔여 할인한도는 이월되지 않습니다.
할인 받은 이용 건을 취소할 경우 취소전표가 실시간으로 접수되지 않아 할인한도가 즉시 복원되지 않을 수 있습니다.
결제계좌 개설기관의 영업 마감시간(16시) 이후 결제계좌에 입금된 금액에 대해서는 결제계좌 개설 기관의 사정에 따라 당일 출금되지 못하여 연체로 처리될 수 있으므로 유의하시기 바랍니다. 자동이체 업무 마감시간 이후 당사 홈페이지/모바일 등에서 바로출금(즉시결제) 또는 가상계좌 입금(송금납부)을 통해 당일 결제가 가능합니다.
세부내용 : KB국민카드 홈페이지 > MY KB > 바로출금결제 또는 가상계좌결제 참조
가족카드 발급 관련 안내
가족카드 연회비는 별도로 청구되지 않으며, 가족카드 발급매수에는 제한이 없습니다.
가족카드 부가서비스 이용 조건 및 제공 범위는 본인회원 카드의 이용 조건 및 제공 범위와 동일하며 합산 관리됩니다.
가족카드 연말정산 시 가족카드 신용카드 등 사용금액은 가족카드 명의자(카드 앞(뒤)면에 표기된 이름)의 신용카드 등 사용금액으로 포함됩니다. 연간 소득금액기준은 국세청 기준에 따릅니다.
본인회원이 고객센터를 통해 가족회원 앞 SMS서비스 신청이 가능하며, 가족카드 이용대금은 본인회원 이용대금명세서에 합산 청구됩니다.(단, 가족카드 결제계좌를 별도로 운영하는 경우는 제외합니다.)
가족카드 이용금액에 따른 포인트는 본인회원의 포인트에 적립되어 관리되며, 본인회원이 고객센터 또는 홈페이지/모바일앱을 통해 신청 시 타 회원에게 양도 가능합니다. 단, 포인트 양도는 KB포인트리에 한해 이용이 가능합니다.
이혼, 사망, 파양 등 가족관계 변동 시에는 KB국민카드 고객센터 또는 영업점을 통해 가족관계 변동사실을 신고하여야 합니다.
가족관계가 변동이 되었음에도 가족카드를 정지(또는 해지)시키지 않아 의도하지 않은 카드사용이 발생한 경우 그 책임은 본인회원이 부담합니다. 가족카드 정지(또는 해지)는 KB국민카드 고객센터, 영업점, 홈페이지/모바일앱을 통해 처리 가능 합니다.(홈페이지/모바일앱은 본인회원만 가능)
본인회원이 요청할 경우 가족회원의 동의 없이 가족카드가 한도감액·정지·해지될 수 있으며, 이 경우 즉시 그 사실을 본인회원과 가족회원에게 안내합니다.(단, 연락 가능한 휴대폰번호가 없는 경우는 제외합니다.)
개인회원 표준약관 제7조(카드이용정지) ①항의 사유로 본인회원 카드가 이용정지 되는 경우 가족카드도 정지가 되며, 본인회원의 카드 해지(탈회) 시 가족카드도 해지됩니다.
해외 이용 확인사항
해외 이용 시(해외사이트 거래 포함) 미화(USD)기준 거래미화금액에 접수일의(KB국민은행) 최초 고시 전신환매도율을 적용한 후, 국제브랜드사가 부과하는 국제브랜드 수수료(K-WORLD(JCB) 1%, Master 1%) 와 KB국민카드가 부과하는 해외서비스 수수료(0.25%)를 포함하여 원화로 청구됩니다. 이 경우 KB국민카드의 해외서비스 수수료는 국제브랜드 수수료를 제외하고 산정됩니다.
해외 이용 시 청구금액 산출방법
*해외 이용 시 청구금액 =(거래미화금액 x 전신환 매도율¹) + 국제 브랜드 수수료² + 해외서비스 수수료³
전신환 매도율 : 접수일의 KB국민은행 최초고시 전신환 매도율
국제브랜드수수료 = (거래미화금액 x 국제브랜드 이용수수료율) x 전신환 매도율
해외서비스수수료 = (거래미화금액 x 해외서비스 수수료율) x 전신환 매도율
K-World(UPI타입) 브랜드는 2020.12.31까지 해외에서 일시불 및 할부 이용 시 국제 브랜드 수수료가 면제됩니다. (단, 해외 이용 단기카드대출(현금서비스)는 면제 제외)
해당 내용은 해외원화결제서비스(DCC)수수료가 없는 경우이며, 해외원화결제서비스(DCC)이용 시
추가 수수료가 발생할 수 있으니 유의하시기 바랍니다.
해외원화결제서비스(DCC) 차단 서비스 : KB국민카드 홈페이지/모바일 > 서비스 > 해외이용서비스 > 해외원화결제차단서비스","부가서비스 변경 안내
KB국민 알뜰폰 Hub II 카드(2021.03.11 출시)를 이용하는 경우 제공되는 포인트 및 할인혜택 등의 부가서비스는 다음 각 호를 제외하고는 변경할 수 없습니다. (단, 회원의 권익을 증진하거나 부담을 완화하는 경우는 제외합니다)
①
카드사의 휴업, 파산, 경영상의 위기 등에 따른 불가피한 경우
①
의⑵ 제휴업체의 휴업, 파산, 경영상의 위기로 인해 불가피하게 부가서비스를 축소,변경하는 경우로서 다른 제휴업체를 통해 동종의 유사한 부가서비스 제공이 불가한 경우
②
제휴업체가 카드사의 의사에 반하여 해당 부가서비스를 축소하거나 변경 시, 당초 부가서비스에 상응하는 다른 부가서비스를 제공하는 경우
③
부가서비스를 3년 이상 제공한 상태에서 해당 부가서비스로 인해 상품의 수익성이 현저히 낮아진 경우
카드사가 부가서비스를 변경하는 경우 변경 사유, 변경 내용 등을 사유발생 즉시 서면교부, 우편 또는 전자우편, 전화 또는 팩스, 휴대폰 메시지 또는 이에 준하는 전자적 의사표시 중 2가지 이상의 방법으로 고지하여 드립니다. 다만, 상기 3호의 경우 부가서비스 변경일 6개월 이전부터는 서면교부, 우편 또는 전자우편, 전화 또는 팩스, 휴대폰 메시지 또는 이에 준하는 전자적 의사표시 중 2가지 이상의 방법으로 매월 고지하여 드립니다.
카드 신청 전 상품설명서 및 약관을 반드시 확인하시기 바랍니다.
필요 이상의 신용카드 발급 및 사용은 개인신용평점이나 이용한도 등에 영향을 미칠 수 있습니다.
금융소비자는 금소법 제19조 제1항에 따라 해당상품 또는 서비스에 대하여 설명을 받을 권리가 있으며, 그 설명을 듣고 내용을 충분히 이해한 후 거래하시기 바랍니다.
신용카드 발급이 부적정한 경우(개인신용평점 낮음, 연체금 보유 등) 카드발급이 제한 될 수 있습니다.
카드이용대금과 이에 수반되는 모든 수수료를 지정된 대금 결제일에 상환합니다.
상품 관련 세부 사항은 홈페이지(www.kbcard.com) 참조 또는 고객센터(1588-1688)로 문의하여 주시기 바랍니다.
할인/적립 서비스 대상 업종은 해당 가맹점 사업자번호로 당사 영업점 및 고객센터(1588-1688)를 통해 확인이 가능합니다.
KB국민카드 디지털제휴영업부 kkgc20152@kbfg.com",
https://card.kbcard.com/CRD/DVIEW/HCAMCXPRICAC0076?mainCC=a&cooperationcode=04290,KMVNO 알뜰폰 카드,매월 알뜰폰 통신비를 절약하는 방법!,신용,,,,
https://card.kbcard.com/CRD/DVIEW/HCAMCXPRICAC0076?mainCC=a&cooperationcode=09579,KB라이프 딱좋은 요즘 건강 KB카드,당신이 만드는 건강한 인생,신용,"KB라이프 건강보험료 자동납부
5~8천원
할인
병원, 약국업종
5%
할인","할인서비스 제외 대상
무이자할부 이용금액, 상품권 및 선불카드(선불전자지급수단 포함) 구입/충전금액
전월 실적 기준
전월 이용실적 40만원 이상 시 혜택 제공
전월 1일 ~ 말일(승인시점 기준) KB라이프 딱좋은 요즘 건강 KB카드 일시불 및 할부 승인금액 기준(가족카드 포함)
해외 이용금액은 전월 1일 ~ 말일까지 매입완료 기준
취소금액은 취소 전표가 KB국민카드에 접수된 월의 실적에서 차감
전월 이용실적 제외 대상
건강보험료 자동납부 및 병원/약국업종 할인금액(해당 이용금액 전체), 단기카드대출(현금서비스), 장기카드대출(카드론), 상품권 및 선불카드(선불전자지급수단 포함) 구입·충전 금액, 아파트관리비, 유치원/초·중·고 학교 납입금 전체, 정부지원금(보육료/유치원보조비/바우처 이용금액 등), 대학(원) 등록금, 국세, 지방세, 각종 공과금(전기/수도 등), 4대 사회보험료(건강/연금/고용/산재), 각종 수수료 및 이자, 연체료, 연회비, 무승인전표(RF후불교통요금/자판기/터널통행료/항공기내 이용 등), 취소금액
가족카드 발급 관련 안내
가족카드 연회비는 별도로 청구되지 않으며, 가족카드 최대 발급 가능 매수는 별도 제한이 없습니다.
가족카드 부가서비스 이용 조건 및 제공 범위는 본인회원 카드의 이용 조건 및 제공 범위와 동일하며 합산 관리됩니다.
가족카드 연말정산 시 가족카드 ‘신용카드 등 사용금액’은 가족카드 명의자(카드 앞(뒷)면에 표기된 이름)의 ‘신용카드 등 사용금액’으로 포함됩니다. 연간 소득금액기준은 국세청 기준에 따릅니다.
본인회원이 고객센터를 통해 가족회원 앞 SMS서비스 신청이 가능하며, 가족카드 이용대금은 본인회원 이용대금명세서에 합산 청구 됩니다.(단, 가족카드 결제계좌를 별도로 운영하는 경우는 제외합니다.)
가족카드 이용금액에 따른 포인트는 본인회원의 포인트에 적립되어 관리되며, 본인회원이 고객센터 또는 홈페이지/모바일앱을 통해 신청 시 타 회원에게 양도 가능합니다. (단, 포인트 양도는 KB포인트리에 한해 이용이 가능합니다.)
이혼, 사망, 파양 등 가족관계 변동 시에는 KB국민카드 고객센터 또는 영업점을 통해 가족관계 변동사실을 신고하여야 합니다.
가족관계가 변동이 되었음에도 가족카드를 정지 또는 해지하지 않은 경우 본인회원에게 의도하지 않은 카드사용 및 책임이 발생할 수 있습니다. 가족카드 정지 또는 해지는 KB국민카드 고객센터, 영업점, 홈페이지/모바일앱을 통해 처리 가능합니다.(홈페이지/모바일앱은 본인회원만 가능)
본인회원이 요청할 경우 가족회원의 동의 없이 가족카드가 한도감액·정지·해지될 수 있으며, 이 경우 즉시 그 사실을 본인회원과 가족 회원에게 안내합니다.(단, 연락 가능한 휴대폰번호가 없는 경우는 제외합니다.)
개인회원 표준약관 제7조(카드이용정지) ①항의 사유로 본인회원 카드가 이용정지 되는 경우 가족카드도 정지가 되며, 본인회원의 카드 해지(탈회) 시 가족카드도 해지됩니다.","해외 이용 확인 사항
해외 이용 시(해외사이트 거래 포함) 미화(USD)기준 거래미화금액에 접수일의(KB국민은행) 최초 고시
전신환 매도율을 적용한 후, 국제브랜드사가 부과하는 국제브랜드 수수료(Master 1.0%)와 KB국민카드가 부과하는 해외서비스 수수료(0.25%)를 포함하여 원화로 청구됩니다. 이 경우 KB국민카드의 해외서비스 수수료는 국제브랜드 수수료를 제외하고 산정됩니다.
해외 이용시 청구금액 산출방법
해외 이용시 청구금액 =(거래미화금액 x 전신환 매도율¹) + 국제 브랜드 수수료² + 해외서비스 수수료³
전신환 매도율 : 접수일의 KB국민은행 최초고시 전신환 매도율
국제브랜드수수료 = (거래미화금액 x 국제브랜드 이용수수료율) x 전신환 매도율
해외서비스수수료 = (거래미화금액 x 해외서비스 수수료율) x 전신환 매도율
해당 내용은 해외원화결제서비스(DCC)수수료가 없는 경우이며, 해외원화 결제서비스(DCC)이용 시
추가수수료가 발생할 수 있으니 유의하시기 바랍니다.
해외원화결제서비스(DCC) 차단 서비스: KB국민카드 홈페이지/모바일앱 > 서비스 > 해외이용서비스 > 해외원화결제 차단서비스
부가서비스 변경 안내
KB라이프 딱좋은 요즘 건강 KB카드(2025년 6월 24일 출시)를 이용하는 경우 제공되는 포인트 및 할인혜택 등의 부가서비스는 다음 각 호를 제외하고는 변경할 수 없습니다. (단, 회원의 권익을 증진하거나 부담을 완화하는 경우는 제외합니다.)
1.
카드사의 휴업·파산·경영상의 위기 등에 따른 불가피한 경우
1-2.
제휴업체의 휴업·파산·경영상의 위기로 인해 불가피하게 부가서비스를 축소·변경하는 경우로서 다른 제휴업체를 통해 동종의 유사한 부가서비스 제공이 불가한 경우
2.
제휴업체가 카드사의 의사에 반하여 해당 부가서비스를 축소하거나 변경 시, 당초 부가서비스에 상응하는 다른 부가서비스를 제공하는 경우
3.
부가서비스를 3년 이상 제공한 상태에서 해당 부가서비스로 인해 상품의 수익성이 현저히 낮아진 경우
카드사가 부가서비스를 변경하는 경우 변경사유, 변경 내용 등을 사유발생 즉시 서면교부, 우편 또는 전자우편, 전화 또는 팩스, 휴대폰 메시지 또는 이에 준하는 전자적 의사표시 중 서로 다른 2가지 이상의 방법으로 고지하여 드립니다. 다만, 상기 3호의 경우 부가서비스 변경일 6개월 이전부터는 서면교부, 우편 또는 전자우편, 전화 또는 팩스, 휴대폰 메시지 또는 이에 준하는 전자적 의사표시 중 서로 다른 2가지 이상의 방법으로 매월 고지하여 드립니다.
기타
KB라이프 딱좋은 요즘 건강 KB카드 서비스는 대상 가맹점이 KB국민카드 업종분류 기준, 지정 업종으로 등록된 경우에 한하여 제공됩니다.
별도 전용 가맹점번호로 승인되는 PG(결제대행)업체 또는 일부 간편결제(KB Pay) 이용 시 할인대상에서 제외될 수 있습니다.
KB라이프 딱좋은 요즘 건강 KB카드는 본인회원 기준으로 월간 할인한도가 제공되며, 적용 기간은 매월 1일 ~ 말일까지(승인시점 기준)입니다.
상품서비스는 이용순서대로 월간 한도 내 할인이 적용되며, 월 잔여 할인한도는 이월되지 않습니다.
할인 받은 이용 건을 취소할 경우 취소전표가 실시간 접수되지 않아 할인한도가 즉시 복원되지 않을 수 있습니다.
결제계좌 개설기관의 영업 마감시간(16시) 이후 결제계좌에 입금된 금액에 대해서는 결제계좌 개설 기관의 사정에 따라 당일 출금되지 못하여 연체로 처리될 수 있으므로 유의하시기 바랍니다. 자동이체 업무 마감시간 이후 당사 홈페이지/모바일* 등에서 바로출금(즉시결제) 또는 가상계좌 입금(송금납부)을 통해 당일 결제가 가능합니다.
세부내용 : KB국민카드 홈페이지 > MY KB > 바로출금 또는 가상계좌 참조
카드 신청 전 상품설명서 및 약관을 반드시 확인하시기 바랍니다.

필요 이상의 신용카드 발급 및 사용은 개인신용평점이나 이용한도 등에 영향을 미칠 수 있습니다.
금융소비자는 금소법 제 19조 제 1항에 따라 해당상품 또는 서비스에 대하여 설명을 받을 권리가 있으며, 그 설명을 듣고 내용을 충분히 이해한 후 거래하시기 바랍니다.
신용카드 발급이 부적격한 경우(신용평점 낮음, 연체금 보유 등) 카드발급이 제한될 수 있습니다.
카드이용대금과 이에 수반되는 모든 수수료를 지정된 대금결제일에 상환합니다.",
